INSERT INTO category VALUES ('noin', 'North Indian Wedding Dresses', NULL);
INSERT INTO category VALUES ('soin', 'South Indian Wedding Dresses', NULL);
INSERT INTO category VALUES ('west', 'Western Wedding Dresses', NULL);
INSERT INTO category VALUES ('cosm', 'Cosmetics', NULL);
INSERT INTO category VALUES ('jewe', 'Jewellery', NULL);
INSERT INTO category VALUES ('acli', 'Accessories and Lingerie', NULL);

INSERT INTO item(price, category_id, item_name, item_description, deleted) VALUES (
    549.00, 
    'west', 
    'Embroidered V-Neck Wedding Dress with Tulle Skirt', 
    'Detailed with luxe embroidered appliques and three different types of lace, this elegant glitter tulle wedding dress will be the dream dress of boho and romantic brides alike. Crochet trim along the V-neckline, open back, and waist adds a dainty finish to the illusion-accented bodice and beautifully contrasts the dramatic skirt.', 
    0
);
INSERT INTO item(price, category_id, item_name, item_description, deleted) VALUES (
    299.00, 
    'west', 
    'Crepe Off-the-Shoulder Sheath Wedding Dress', 
    'Simply elegant, this crepe off-the-shoulder wedding dress is beautifully draped for a flattering fit.',
    0
);
INSERT INTO item(price, category_id, item_name, item_description, deleted) VALUES (
    839.00, 
    'west', 
    'Strapless Satin Wedding Dress with Skirt Slit', 
    'This strapless wedding dress is fresh and modern. The refined silhouette is crafted from luxe satin, which lends structure and sophistication, and finished with a bold skirt slit that is perfect for showing off your wedding shoes.',
    0
);
INSERT INTO item(price, category_id, item_name, item_description, deleted) VALUES (
    1099.00, 
    'west', 
    'Illusion Cap Sleeve Lace Appliqued Wedding Dress', 
    'Intricate floral lace appliques, embellished with nearly 4,000 beads and sequins, adorns the illusion plunge bodice and trims keyhole back of this romantic wedding dress. The soft, sweeping skirt is finished with a fashion-forward double slit that lends movement to every step.',
    0
);
INSERT INTO item(price, category_id, item_name, item_description, deleted) VALUES (
    159.95, 
    'west', 
    'Flutter Sleeve Stretch Satin Dress with Ruffle Hem',
    'Flutter sleeves, a faux wrap bodice, and a cascading ruffle give this dress boho vibes. The stretch satin material makes it a comfortable yet chic option for a second dress or any wedding event.',
    0
);
INSERT INTO item(price, category_id, item_name, item_description, deleted) VALUES (
    849.00, 
    'west', 
    'Lace Applique Illusion Chiffon Skirt Wedding Dress',
    'Lace embellishments and barely there mesh panels create a romantic, skin-baring illusion on the bodice of this sophisticated wedding dress, while a cascading soie chiffon skirt, accented with a thigh high slit, adds flowy movement with every step. Complete with shimmering moonstones and beadwork at the waist.',
    0
);
INSERT INTO item(price, category_id, item_name, item_description, deleted) VALUES (
    1299.00, 
    'west', 
    'Illusion Sleeve Plunging Ball Gown Wedding Dress',
    'This captivating long sleeve wedding dress catches the light in so many gorgeous ways, from the crystal-beaded waistband to the jeweled buttons down the illusion back, to the sparkling sequin lace appliques on the skirt. Adding to the drama are a plunging illusion bodice with visible corsetry and a pink-tinted underskirt that gives your wedding look a coy hint of color.',
    0
);
INSERT INTO item(price, category_id, item_name, item_description, deleted) VALUES (
    1299.00, 
    'west', 
    'Off the Shoulder Satin Ball Gown Wedding Dress',
    'A classic ballgown silhouette gets a modern, romantic revival in this spectacular unembellished satin wedding dress. An off the shoulder neckline and crisp seams down the bodice create a figure-flattering taper at the waist, which transforms with slight pleats into a dramatic ball gown skirt that floats with every step down the aisle.',
    0
);
INSERT INTO item(price, category_id, item_name, item_description, deleted) VALUES (
    1399.00, 
    'west', 
    'Floral Tulle Wedding Dress with Removable Sleeves',
    'An A-line wedding dress gets romantic updates to create a beautifully unique, poetic wedding dress. With visible boning details that add silhouette-defining structure to the sheer sweetheart bodice and removable swag sleeves for an off-the-shoulder look, the gown is finished with embroidered floral appliques that cascade down the airy, tulle skirt. Glittery layers add sparkling dimension, and the look is finished with a hidden skirt slit.',
    0
);
INSERT INTO item(price, category_id, item_name, item_description, deleted) VALUES (
    599.00, 
    'west', 
    'Low Back Mid-Sleeve Crepe and Satin Wedding Dress',
    'Modern yet classic, this unadorned wedding dress is the height of luxury. Two rich fabrics, stretch crepe and satin, create a fitted 3/4-sleeve bodice, complete with a low back, and a dramatic ball gown skirt.',
    0
);
INSERT INTO item(price, category_id, item_name, item_description, deleted) VALUES (
    249.95, 
    'west', 
    'Chiffon Wedding Separates Circle Skirt with Slit',
    'Floaty chiffon gives this plus size wedding separates skirt romantic movement, while a thigh-high slit adds modern edge. Designed to be mixed and matched with our wedding separate tops.',
    0
);
INSERT INTO item(price, category_id, item_name, item_description, deleted) VALUES (
    349.00, 
    'west', 
    'Chiffon Halter Plunge Beaded Waist Wedding Dress',
    'With its illusion plunge neckline, this chiffon A-line wedding dress is simply stunning. An embellished belt at the waist, detailed with 15,000 beads, opals, and crystals, separates the pleated bodice from the soft flowy skirt.',
    0
);
INSERT INTO item(price, category_id, item_name, item_description, deleted) VALUES (
    279.95, 
    'west', 
    'Sequin Spaghetti Strap Blouson Jumpsuit',
    'Perfect for a second outfit or a modern wedding, this hand-beaded linear jumpsuit elongates the legs with a slightly-flared pant, while the embellished overlay lends extra movement to the silhouette. Finished with delicate spaghetti straps that frame the faux-wrap blouson bodice.',
    0
);
INSERT INTO item(price, category_id, item_name, item_description, deleted) VALUES (
    399.00,
    'west', 
    'Low Back Soft Lace Wedding Dress',
    'This form fitting and figure flattering eyelash lace sheath dress swoops low at the back, as a lace train trails weightlessly behind.',
    0
);
INSERT INTO item(price, category_id, item_name, item_description, deleted) VALUES (
    139.95,
    'west', 
    'Asymmetric Off the Shoulder Sheath Dress',
    'A simple, spaghetti strap sheath dress is revolutionized with fashion forward details like an asymmetric off the shoulder neckline and a thigh high side skirt slit.',
    0
);
INSERT INTO item(price, category_id, item_name, item_description, deleted) VALUES (
    199.95,
    'west', 
    'Sequin Leaf-Appliqued High Neck Sheath Gown',
    'Leafy sequin appliques offer a fresh take on floral details on this high-neck organza gown. Slim horsehair trim gives the hemline a bit of structure, while a grosgrain waistline and button back add pretty detail.',
    0
);
INSERT INTO item(price, category_id, item_name, item_description, deleted) VALUES (
    199.95,
    'west', 
    'Mikado High-Low Wedding Dress',
    'This lustrous mikado wedding gown is the epitome of effortless elegance. The simple bodice is even more lovely when topped with a sparkling sash, and the high-low hem shows off your dazzling heels.',
    0
);
INSERT INTO item(price, category_id, item_name, item_description, deleted) VALUES (
    199.95,
    'west', 
    'Cuffed Off-the-Shoulder Stretch Crepe Jumpsuit',
    'This chic crepe jumpsuit is defined by crisp lines, from the dramatic off-the-shoulder cuffed neckline to the clean seams down the bodice to the wide leg, pocketed pants. Rock a sleek ponytail and a statement earring to complete the look.',
    0
);
INSERT INTO item(price, category_id, item_name, item_description, deleted) VALUES (
    1299.00,
    'west', 
    'Illusion Long Sleeve Applique Plunge Wedding Dress',
    'This captivating illusion long sleeve wedding dress catches the light in so many gorgeous ways, from the crystal-beaded waistband to the sparkling sequin lace appliques on the skirt. A pink-tinted underskirt gives your wedding look a coy hint of color while buttons down the back add a touch of sophistication.',
    0
);
INSERT INTO item(price, category_id, item_name, item_description, deleted) VALUES (
    999.00,
    'west', 
    'Embroidered Lace Applique Ball Gown Wedding Dress',
    'Beaded floral lace appliques bloom in the faintest shade of pink on this romantic ball gown wedding dress, while golden embroidered branches and a voluminous tulle skirt add to the fairytale feel. Finished with a lace-up corset back for a perfect fit.',
    0
);
INSERT INTO item(price, category_id, item_name, item_description, deleted) VALUES (
    1399.00,
    'west', 
    'Lace Long Sleeve Keyhole Back Wedding Dress',
    'Fit for royalty, this elegant tulle ball gown wedding dress exudes luxury with its voluminous, structured skirt and waist-cinching silhouette. Delicate details like hand-beading, intricate appliques, and five different types of lace lend dimension to the opulence. A V-neckline and keyhole back, framed with illusion long sleeves, add a peek of skin to finish the look.',
    0
);
INSERT INTO item(price, category_id, item_name, item_description, deleted) VALUES (
    299.00,
    'west', 
    'Ruched Bodice Chiffon A-Line Wedding Dress',
    'A sweet and simple wedding dress, perfect for a beach ceremony or garden soiree. This flowing chiffon gown features an elegantly ruched sweetheart bodice topped with spaghetti straps and a long, soft A-line skirt.',
    0
);
INSERT INTO item(price, category_id, item_name, item_description, deleted) VALUES (
    349.00,
    'west', 
    'High Neck Illusion and Lace Godet Wedding Dress',
    'Beautiful illusion floral lace adds unexpected allure to this flowy chiffon wedding dress, blanketing the plunging sweetheart neckline, buttoned back, and contrasting godet skirt with romantic flair.',
    0
);
INSERT INTO item(price, category_id, item_name, item_description, deleted) VALUES (
    299.95,
    'west', 
    'Beaded Matte Sequin V-Neck Sheath Dress',
    'This sheath dress is covered in a pattern of hand-beaded details and matte sequins. A plunging V-neckline and V-back add drama to the curve-hugging fit.',
    0
);
INSERT INTO item(price, category_id, item_name, item_description, deleted) VALUES (
    399.99,
    'west', 
    'Strapless Sweetheart Tulle Wedding Dress',
    'Imagine walking down the aisle in this stunning strapless tulle ball gown, complete with a sweetheart neckline and beautifully pleated bodice. Finish your look by adding special touches, like a blooming sash and flowing veil.',
    0
);
INSERT INTO item(price, category_id, item_name, item_description, deleted) VALUES (
    649.00,
    'west', 
    'Corset Bodice Tiered Chiffon A-Line Wedding Dress',
    'The boho-inspired bride will find it hard to resist this ethereal A-line wedding dress, thanks to the sheer point Esprit bodice, embroidered with a rich brocade applique and flat sequins, and the layered chiffon skirt, banded with eyelet lace to create distinct tiers.',
    0
);
INSERT INTO item(price, category_id, item_name, item_description, deleted) VALUES (
    349.00,
    'west', 
    'High Neck Illusion Chiffon Plus Size Wedding Dress',
    'This high-neck wedding dress is the picture of effortless elegance. Illusion detail at the neckline adds an alluring touch, while the chiffon skirt has a flowy, romantic air.',
    0
);
INSERT INTO item(price, category_id, item_name, item_description, deleted) VALUES (
    449.00,
    'west', 
    'Spaghetti Strap Pleated Tulle Wedding Dress',
    'Romantic yet modern, this tulle wedding dress is detailed with a crisply pleated tulle bodice, beaded spaghetti straps, and lattice-motif side cutouts. Soft layers of tulle float down the A-line skirt to finish the look with dreamy flair.',
    0
);
INSERT INTO item(price, category_id, item_name, item_description, deleted) VALUES (
    1099.00,
    'west', 
    'Cap Sleeve Lace Appliqued Plus Size Wedding Dress',
    'Intricate floral lace appliques, embellished with nearly 4,000 beads and sequins, adorns the illusion plunge bodice and trims keyhole back of this romantic wedding dress. The soft, sweeping skirt is finished with a fashion-forward double slit that lends movement to every step.',
    0
);
INSERT INTO item(price, category_id, item_name, item_description, deleted) VALUES (
    499.00,
    'west', 
    'Illusion Deep-V Spaghetti Strap Wedding Dress',
    'Made from luxe yet comfortable stretch crepe, this elegantly cascading, unembellished wedding dress epitomizes modern femininity from its sleek spaghetti straps and alluring plunging illusion V-neckline to its soft A-line silhouette.',
    0
);
INSERT INTO item(price, category_id, item_name, item_description, deleted) VALUES (
    799.00,
    'west', 
    'Organza Mermaid Wedding Dress with Ruffled Skirt',
    'Precise pleats and romantic ruffles offer a contrast of texture and technique on this curve-hugging organza mermaid gown. The lace-up back ensures a perfect fit.',
    0
);
INSERT INTO item(price, category_id, item_name, item_description, deleted) VALUES (
    549.00,
    'west', 
    'Floral Jacquard V-Neck Wedding Dress',
    'Perfect for the bride looking for an updated classic, this wedding dress is crafted from richly textured floral jacquard. The plunge neckline and open square back, finished with delicate cloth-covered buttons, make a striking statement for your walk down the aisle.',
    0
);
INSERT INTO item(price, category_id, item_name, item_description, deleted) VALUES (
    549.00,
    'west', 
    'Tulle Wedding Dress with Corseted Satin Bodice',
    'So delightfully detailed, this strapless ball gown will take their breath away. With a beaded satin corset bodice, cuff neckline, and sequined tulle skirt, happily ever after has never looked so elegant.',
    0
);
INSERT INTO item(price, category_id, item_name, item_description, deleted) VALUES (
    549.00,
    'west', 
    'Leaf Pattern Lace Slit Skirt A-Line Wedding Dress',
    'Scalloped eyelash lace trims the plunging-V neckline, dramatic skirt slit, and low scoop-back of this boho leafy lace A-line wedding dress. Delicate spaghetti straps and a soft, flowy skirt complete the look.',
    0
);
INSERT INTO item(price, category_id, item_name, item_description, deleted) VALUES (
    1799.00,
    'west', 
    'Oleg Cassini Wedding Ball Gown with Lace Appliques',
    'Looking for a classic wedding dress with romantic details? This strapless ball gown evokes Grace Kelly glamour, thanks to the beaded lace (2,600 beads to be exact), sweetheart neckline, and scallop-trimmed full princess-worthy skirt.',
    0
);
INSERT INTO item(price, category_id, item_name, item_description, deleted) VALUES (
    499.00,
    'west', 
    'V-Neck Plus Size Wedding Dress with Beaded Back',
    'Make a statement while walking down the aisle in this crepe-back satin wedding dress. Unadorned in the front, the dramatic illusion back is embellished with delicate flowers and accented with over 1,500 opals, crystals, and beads.',
    0
);
INSERT INTO item(price, category_id, item_name, item_description, deleted) VALUES (
    1299.00,
    'west', 
    'Beaded Lace Long Sleeve Plus Size Wedding Dress',
    'Six different types of hand-crafted lace appliques and 3,000 beads take this long sleeve, off-the-shoulder mermaid wedding dress to the next level. The sheer corset back and 90-inch train add the perfect touch of drama to this opulent gown.',
    0
);
INSERT INTO item(price, category_id, item_name, item_description, deleted) VALUES (
    849.00,
    'west', 
    'Lace Applique Long Sleeve Chiffon Wedding Dress',
    'Lace embellishments and barely there mesh panels create a romantic, skin-baring illusion on the long-sleeve bodice of this sophisticated wedding dress. A cascading soie chiffon skirt, accented with a thigh high slit, adds flowy movement with every step. Complete with shimmering moonstones and beadwork at the waist.',
    0
);
INSERT INTO item(price, category_id, item_name, item_description, deleted) VALUES (
    999.00,
    'west', 
    'Scalloped A-Line Wedding Dress with Double Straps',
    'Appliqued with pearl-centered blush flowers, this scalloped-bodice gown has an irresistibly ethereal feel. The tulle skirt is softly voluminous, and the double-strapped, low back lends a delicate feel.',
    0
);
INSERT INTO item(price, category_id, item_name, item_description, deleted) VALUES (
    1199.00,
    'west', 
    'Plunging Illusion Bodice Lace Wedding Dress',
    'The plunging tank bodice of this slim sheath wedding dress is a dramatic show-stopper. Fully lined in beige illusion mesh, it creates a barely there backdrop that lets the beauty of beaded lace shine through. The scalloped back features illusion mesh, creating another dazzling focal point atop the lace-edged skirt.',
    0
);
INSERT INTO item(price, category_id, item_name, item_description, deleted) VALUES (
    399.00,
    'west', 
    'Embellished Waist Plunge Halter Wedding Dress',
    'Perfect for the modern bride, this wedding dress is crafted from figure-hugging stretch crepe, allowing for all day comfort while maintaining a chic, feminine vibe. Crystal and bead embellished vines adorn the waist, while a plunging back, sexy ruching, and a halter neckline add alluring detail.',
    0
);
INSERT INTO item(price, category_id, item_name, item_description, deleted) VALUES (
    999.00,
    'west', 
    'A-Line Wedding Dress with Double Straps',
    'Appliqued with pearl-centered blush flowers, this scalloped-bodice gown has an irresistibly ethereal feel. The tulle skirt is softly voluminous, and the double-strapped, low back lends a delicate feel.',
    0
);
INSERT INTO item(price, category_id, item_name, item_description, deleted) VALUES (
    549.00,
    'west', 
    'Sweetheart Plunge Lace Wedding Dress with Sash',
    'Featuring romantic floral lace and a pretty champagne underlay, this ball gown wedding dress is detailed with a plunging sweetheart neckline and a curve-hugging grosgrain sash.',
    0
);
INSERT INTO item(price, category_id, item_name, item_description, deleted) VALUES (
    1799.00,
    'west', 
    'Beaded Lace Wedding Dress with Pleated Skirt',
    'Yards of opulently beaded and appliqued tulle create softly folded pleats in the grand skirt of this stunning wedding dress. Covered in 5,000 beads and sequins, and finished with scalloped lace trim around the hemline, this Oleg Cassini ball gown is truly breathtaking to behold.',
    0
);
INSERT INTO item(price, category_id, item_name, item_description, deleted) VALUES (
    1799.00,
    'west', 
    'Convertible Strap Plus Size Bodysuit Wedding Dress',
    'This hand-draped tulle wedding dress offers multiple gown looks in one, the long tulle straps at the bodice can be tied off-the-shoulder or into a halter. The floating tulle-and-lace skirt reveals  a powermesh bodysuit beneath, creating a super sexy bridal style. Complete with sparkling lace appliques.',
    0
);
INSERT INTO item(price, category_id, item_name, item_description, deleted) VALUES (
    849.00,
    'west', 
    'Lace Applique Plunge Chiffon Skirt Wedding Dress',
    'Lace embellishments and a plunging illusion neckline lend a romantic air to the bodice of this sophisticated wedding dress, while a cascading soie chiffon skirt, accented with a thigh high slit, adds flowy movement with every step. Complete with shimmering moonstones and beadwork at the waist.',
    0
);
INSERT INTO item(price, category_id, item_name, item_description, deleted) VALUES (
    1099.00,
    'west', 
    'Spaghetti Beaded Organza Plus Size Wedding Dress',
    'Featuring 5,000 hand-placed crystals, beads, and sequins along the bodice, this organza A-line wedding dress is a sparkling showstopper. Created for brides who love to shine, this dress also features a plunging V-neckline and back and crystal-traced spaghetti straps.',
    0
);
INSERT INTO item(price, category_id, item_name, item_description, deleted) VALUES (
    559.00,
    'west', 
    'Floral Jacquard V-Neck Plus Size Wedding Dress',
    'Perfect for the bride looking for an updated classic, this wedding dress is crafted from richly textured floral jacquard. The plunge neckline and open square back, finished with delicate cloth-covered buttons, make a striking statement for your walk down the aisle.',
    0
);
INSERT INTO item(price, category_id, item_name, item_description, deleted) VALUES (
    1199.00,
    'west', 
    'Long Sleeve Lace Appliqued Plus Size Wedding Dress',
    'Intricate floral lace appliques, embellished with nearly 4,000 beads and sequins, adorn the illusion plunge bodice and trim keyhole back of this romantic plus-size wedding dress. The soft, sweeping skirt is finished with a fashion-forward double slit that lends movement to every step, while elegant long sleeves add just the right amount of coverage.',
    0
);
INSERT INTO item(price, category_id, item_name, item_description, deleted) VALUES (
    1599.00,
    'west', 
    'Large Floral Applique Beaded Strap Wedding Dress',
    'Crafted with eleven different types of lace and 4,500 hand-beaded embellishments, this wedding dress is fit for royalty. Sequin appliques, pearl-beaded cross-back spaghetti straps, and a multi-layer tulle skirt lends subtle sparkling detail to the look. Complete with a chapel train.',
    0
);
INSERT INTO item(price, category_id, item_name, item_description, deleted) VALUES (
    1599.00,
    'west', 
    'Beaded Bodice with Tiered Skirt Wedding Dress',
    'Hand-beaded with almost 4,500 opal beads and crystal stones, this spaghetti strap wedding dress lends opulence and drama to a classic ball gown silhouette. The layered skirt is finished with horsehair trim, giving the appearance of crisp ruffles.',
    0
);

INSERT INTO item_images VALUES(
    55,
    'west_1a.jpeg'
);
INSERT INTO item_images VALUES(
    55,
    'west_1b.jpeg'
);
INSERT INTO item_images VALUES(
    56,
    'west_2a.jpeg'
);
INSERT INTO item_images VALUES(
    56,
    'west_2b.jpeg'
);
INSERT INTO item_images VALUES(
    57,
    'west_3a.jpeg'
);
INSERT INTO item_images VALUES(
    57,
    'west_3b.jpeg'
);
INSERT INTO item_images VALUES(
    58,
    'west_4a.jpeg'
);
INSERT INTO item_images VALUES(
    58,
    'west_4b.jpeg'
);
INSERT INTO item_images VALUES(
    59,
    'west_5a.jpeg'
);
INSERT INTO item_images VALUES(
    59,
    'west_5b.jpeg'
);
INSERT INTO item_images VALUES(
    60,
    'west_6a.jpeg'
);
INSERT INTO item_images VALUES(
    60,
    'west_6b.jpeg'
);
INSERT INTO item_images VALUES(
    61,
    'west_7a.jpeg'
);
INSERT INTO item_images VALUES(
    61,
    'west_7b.jpeg'
);
INSERT INTO item_images VALUES(
    62,
    'west_8a.jpeg'
);
INSERT INTO item_images VALUES(
    62,
    'west_8b.jpeg'
);
INSERT INTO item_images VALUES(
    63,
    'west_9a.jpeg'
);
INSERT INTO item_images VALUES(
    63,
    'west_9b.jpeg'
);
INSERT INTO item_images VALUES(
    64,
    'west_10a.jpeg'
);
INSERT INTO item_images VALUES(
    64,
    'west_10b.jpeg'
);
INSERT INTO item_images VALUES(
    65,
    'west_11a.jpeg'
);
INSERT INTO item_images VALUES(
    65,
    'west_11b.jpeg'
);
INSERT INTO item_images VALUES(
    66,
    'west_12a.jpeg'
);
INSERT INTO item_images VALUES(
    66,
    'west_12b.jpeg'
);
INSERT INTO item_images VALUES(
    67,
    'west_13a.jpeg'
);
INSERT INTO item_images VALUES(
    67,
    'west_13b.jpeg'
);
INSERT INTO item_images VALUES(
    68,
    'west_14a.jpeg'
);
INSERT INTO item_images VALUES(
    68,
    'west_14b.jpeg'
);
INSERT INTO item_images VALUES(
    69,
    'west_15a.jpeg'
);
INSERT INTO item_images VALUES(
    69,
    'west_15b.jpeg'
);
INSERT INTO item_images VALUES(
    70,
    'west_16a.jpeg'
);
INSERT INTO item_images VALUES(
    70,
    'west_16b.jpeg'
);
INSERT INTO item_images VALUES(
    71,
    'west_17a.jpeg'
);
INSERT INTO item_images VALUES(
    71,
    'west_17b.jpeg'
);
INSERT INTO item_images VALUES(
    72,
    'west_18a.jpeg'
);
INSERT INTO item_images VALUES(
    72,
    'west_18b.jpeg'
);
INSERT INTO item_images VALUES(
    73,
    'west_19a.jpeg'
);
INSERT INTO item_images VALUES(
    73,
    'west_19b.jpeg'
);
INSERT INTO item_images VALUES(
    74,
    'west_20a.jpeg'
);
INSERT INTO item_images VALUES(
    74,
    'west_20b.jpeg'
);
INSERT INTO item_images VALUES(
    75,
    'west_21a.jpeg'
);
INSERT INTO item_images VALUES(
    75,
    'west_21b.jpeg'
);
INSERT INTO item_images VALUES(
    76,
    'west_22a.jpeg'
);
INSERT INTO item_images VALUES(
    76,
    'west_22b.jpeg'
);
INSERT INTO item_images VALUES(
    77,
    'west_23a.jpeg'
);
INSERT INTO item_images VALUES(
    77,
    'west_23b.jpeg'
);
INSERT INTO item_images VALUES(
    78,
    'west_24a.jpeg'
);
INSERT INTO item_images VALUES(
    78,
    'west_24b.jpeg'
);
INSERT INTO item_images VALUES(
    79,
    'west_25a.jpeg'
);
INSERT INTO item_images VALUES(
    79,
    'west_25b.jpeg'
);
INSERT INTO item_images VALUES(
    80,
    'west_26a.jpeg'
);
INSERT INTO item_images VALUES(
    80,
    'west_26b.jpeg'
);
INSERT INTO item_images VALUES(
    81,
    'west_27a.jpeg'
);
INSERT INTO item_images VALUES(
    81,
    'west_27b.jpeg'
);
INSERT INTO item_images VALUES(
    82,
    'west_28a.jpeg'
);
INSERT INTO item_images VALUES(
    82,
    'west_28b.jpeg'
);
INSERT INTO item_images VALUES(
    83,
    'west_29a.jpeg'
);
INSERT INTO item_images VALUES(
    83,
    'west_29b.jpeg'
);
INSERT INTO item_images VALUES(
    84,
    'west_30a.jpeg'
);
INSERT INTO item_images VALUES(
    84,
    'west_30b.jpeg'
);
INSERT INTO item_images VALUES(
    85,
    'west_31a.jpeg'
);
INSERT INTO item_images VALUES(
    85,
    'west_31b.jpeg'
);
INSERT INTO item_images VALUES(
    86,
    'west_32a.jpeg'
);
INSERT INTO item_images VALUES(
    86,
    'west_32b.jpeg'
);
INSERT INTO item_images VALUES(
    87,
    'west_33a.jpeg'
);
INSERT INTO item_images VALUES(
    87,
    'west_33b.jpeg'
);
INSERT INTO item_images VALUES(
    88,
    'west_34a.jpeg'
);
INSERT INTO item_images VALUES(
    88,
    'west_34b.jpeg'
);
INSERT INTO item_images VALUES(
    89,
    'west_35a.jpeg'
);
INSERT INTO item_images VALUES(
    89,
    'west_35b.jpeg'
);
INSERT INTO item_images VALUES(
    90,
    'west_36a.jpeg'
);
INSERT INTO item_images VALUES(
    90,
    'west_36b.jpeg'
);
INSERT INTO item_images VALUES(
    91,
    'west_37a.jpeg'
);
INSERT INTO item_images VALUES(
    91,
    'west_37b.jpeg'
);
INSERT INTO item_images VALUES(
    92,
    'west_38a.jpeg'
);
INSERT INTO item_images VALUES(
    92,
    'west_38b.jpeg'
);
INSERT INTO item_images VALUES(
    93,
    'west_39a.jpeg'
);
INSERT INTO item_images VALUES(
    93,
    'west_39b.jpeg'
);
INSERT INTO item_images VALUES(
    94,
    'west_40a.jpeg'
);
INSERT INTO item_images VALUES(
    94,
    'west_40b.jpeg'
);
INSERT INTO item_images VALUES(
    95,
    'west_41a.jpeg'
);
INSERT INTO item_images VALUES(
    95,
    'west_41b.jpeg'
);
INSERT INTO item_images VALUES(
    96,
    'west_42a.jpeg'
);
INSERT INTO item_images VALUES(
    96,
    'west_42b.jpeg'
);
INSERT INTO item_images VALUES(
    97,
    'west_43a.jpeg'
);
INSERT INTO item_images VALUES(
    97,
    'west_43b.jpeg'
);
INSERT INTO item_images VALUES(
    98,
    'west_44a.jpeg'
);
INSERT INTO item_images VALUES(
    98,
    'west_44b.jpeg'
);
INSERT INTO item_images VALUES(
    99,
    'west_45a.jpeg'
);
INSERT INTO item_images VALUES(
    99,
    'west_45b.jpeg'
);
INSERT INTO item_images VALUES(
    100,
    'west_46a.jpeg'
);
INSERT INTO item_images VALUES(
    100,
    'west_46b.jpeg'
);
INSERT INTO item_images VALUES(
    101,
    'west_47a.jpeg'
);
INSERT INTO item_images VALUES(
    101,
    'west_47b.jpeg'
);
INSERT INTO item_images VALUES(
    102,
    'west_48a.jpeg'
);
INSERT INTO item_images VALUES(
    102,
    'west_48b.jpeg'
);
INSERT INTO item_images VALUES(
    103,
    'west_49a.jpeg'
);
INSERT INTO item_images VALUES(
    103,
    'west_49b.jpeg'
);
INSERT INTO item_images VALUES(
    104,
    'west_50a.jpeg'
);
INSERT INTO item_images VALUES(
    104,
    'west_50b.jpeg'
);
INSERT INTO item_images VALUES(
    105,
    'west_51a.jpeg'
);
INSERT INTO item_images VALUES(
    105,
    'west_51b.jpeg'
);

INSERT INTO `item_size` (`item_id`, `size`, `quantity`) VALUES ('55', '0', '10');
INSERT INTO `item_size` (`item_id`, `size`, `quantity`) VALUES ('55', '2', '10');
INSERT INTO `item_size` (`item_id`, `size`, `quantity`) VALUES ('55', '4', '10');
INSERT INTO `item_size` (`item_id`, `size`, `quantity`) VALUES ('55', '6', '10');
INSERT INTO `item_size` (`item_id`, `size`, `quantity`) VALUES ('55', '8', '10');
INSERT INTO `item_size` (`item_id`, `size`, `quantity`) VALUES ('55', '10', '10');
INSERT INTO `item_size` (`item_id`, `size`, `quantity`) VALUES ('55', '12', '10');

INSERT INTO `item_size` (`item_id`, `size`, `quantity`) VALUES ('56', '0', '10');
INSERT INTO `item_size` (`item_id`, `size`, `quantity`) VALUES ('56', '2', '10');
INSERT INTO `item_size` (`item_id`, `size`, `quantity`) VALUES ('56', '4', '10');
INSERT INTO `item_size` (`item_id`, `size`, `quantity`) VALUES ('56', '6', '10');
INSERT INTO `item_size` (`item_id`, `size`, `quantity`) VALUES ('56', '8', '10');
INSERT INTO `item_size` (`item_id`, `size`, `quantity`) VALUES ('56', '10', '10');
INSERT INTO `item_size` (`item_id`, `size`, `quantity`) VALUES ('56', '12', '10');

INSERT INTO `item_size` (`item_id`, `size`, `quantity`) VALUES ('57', '0', '10');
INSERT INTO `item_size` (`item_id`, `size`, `quantity`) VALUES ('57', '2', '10');
INSERT INTO `item_size` (`item_id`, `size`, `quantity`) VALUES ('57', '4', '10');
INSERT INTO `item_size` (`item_id`, `size`, `quantity`) VALUES ('57', '6', '10');
INSERT INTO `item_size` (`item_id`, `size`, `quantity`) VALUES ('57', '8', '10');
INSERT INTO `item_size` (`item_id`, `size`, `quantity`) VALUES ('57', '10', '10');
INSERT INTO `item_size` (`item_id`, `size`, `quantity`) VALUES ('57', '12', '10');

INSERT INTO `item_size` (`item_id`, `size`, `quantity`) VALUES ('58', '0', '10');
INSERT INTO `item_size` (`item_id`, `size`, `quantity`) VALUES ('58', '2', '10');
INSERT INTO `item_size` (`item_id`, `size`, `quantity`) VALUES ('58', '4', '10');
INSERT INTO `item_size` (`item_id`, `size`, `quantity`) VALUES ('58', '6', '10');
INSERT INTO `item_size` (`item_id`, `size`, `quantity`) VALUES ('58', '8', '10');
INSERT INTO `item_size` (`item_id`, `size`, `quantity`) VALUES ('58', '10', '10');
INSERT INTO `item_size` (`item_id`, `size`, `quantity`) VALUES ('58', '12', '10');

INSERT INTO `item_size` (`item_id`, `size`, `quantity`) VALUES ('59', '0', '10');
INSERT INTO `item_size` (`item_id`, `size`, `quantity`) VALUES ('59', '2', '10');
INSERT INTO `item_size` (`item_id`, `size`, `quantity`) VALUES ('59', '4', '10');
INSERT INTO `item_size` (`item_id`, `size`, `quantity`) VALUES ('59', '6', '10');
INSERT INTO `item_size` (`item_id`, `size`, `quantity`) VALUES ('59', '8', '10');
INSERT INTO `item_size` (`item_id`, `size`, `quantity`) VALUES ('59', '10', '10');
INSERT INTO `item_size` (`item_id`, `size`, `quantity`) VALUES ('59', '12', '10');

INSERT INTO `item_size` (`item_id`, `size`, `quantity`) VALUES ('60', '0', '10');
INSERT INTO `item_size` (`item_id`, `size`, `quantity`) VALUES ('60', '2', '10');
INSERT INTO `item_size` (`item_id`, `size`, `quantity`) VALUES ('60', '4', '10');
INSERT INTO `item_size` (`item_id`, `size`, `quantity`) VALUES ('60', '6', '10');
INSERT INTO `item_size` (`item_id`, `size`, `quantity`) VALUES ('60', '8', '10');
INSERT INTO `item_size` (`item_id`, `size`, `quantity`) VALUES ('60', '10', '10');
INSERT INTO `item_size` (`item_id`, `size`, `quantity`) VALUES ('60', '12', '10');

INSERT INTO `item_size` (`item_id`, `size`, `quantity`) VALUES ('61', '0', '10');
INSERT INTO `item_size` (`item_id`, `size`, `quantity`) VALUES ('61', '2', '10');
INSERT INTO `item_size` (`item_id`, `size`, `quantity`) VALUES ('61', '4', '10');
INSERT INTO `item_size` (`item_id`, `size`, `quantity`) VALUES ('61', '6', '10');
INSERT INTO `item_size` (`item_id`, `size`, `quantity`) VALUES ('61', '8', '10');
INSERT INTO `item_size` (`item_id`, `size`, `quantity`) VALUES ('61', '10', '10');
INSERT INTO `item_size` (`item_id`, `size`, `quantity`) VALUES ('61', '12', '10');

INSERT INTO `item_size` (`item_id`, `size`, `quantity`) VALUES ('62', '0', '10');
INSERT INTO `item_size` (`item_id`, `size`, `quantity`) VALUES ('62', '2', '10');
INSERT INTO `item_size` (`item_id`, `size`, `quantity`) VALUES ('62', '4', '10');
INSERT INTO `item_size` (`item_id`, `size`, `quantity`) VALUES ('62', '6', '10');
INSERT INTO `item_size` (`item_id`, `size`, `quantity`) VALUES ('62', '8', '10');
INSERT INTO `item_size` (`item_id`, `size`, `quantity`) VALUES ('62', '10', '10');
INSERT INTO `item_size` (`item_id`, `size`, `quantity`) VALUES ('62', '12', '10');

INSERT INTO `item_size` (`item_id`, `size`, `quantity`) VALUES ('63', '0', '10');
INSERT INTO `item_size` (`item_id`, `size`, `quantity`) VALUES ('63', '2', '10');
INSERT INTO `item_size` (`item_id`, `size`, `quantity`) VALUES ('63', '4', '10');
INSERT INTO `item_size` (`item_id`, `size`, `quantity`) VALUES ('63', '6', '10');
INSERT INTO `item_size` (`item_id`, `size`, `quantity`) VALUES ('63', '8', '10');
INSERT INTO `item_size` (`item_id`, `size`, `quantity`) VALUES ('63', '10', '10');
INSERT INTO `item_size` (`item_id`, `size`, `quantity`) VALUES ('63', '12', '10');

INSERT INTO `item_size` (`item_id`, `size`, `quantity`) VALUES ('64', '0', '10');
INSERT INTO `item_size` (`item_id`, `size`, `quantity`) VALUES ('64', '2', '10');
INSERT INTO `item_size` (`item_id`, `size`, `quantity`) VALUES ('64', '4', '10');
INSERT INTO `item_size` (`item_id`, `size`, `quantity`) VALUES ('64', '6', '10');
INSERT INTO `item_size` (`item_id`, `size`, `quantity`) VALUES ('64', '8', '10');
INSERT INTO `item_size` (`item_id`, `size`, `quantity`) VALUES ('64', '10', '10');
INSERT INTO `item_size` (`item_id`, `size`, `quantity`) VALUES ('64', '12', '10');

INSERT INTO `item_size` (`item_id`, `size`, `quantity`) VALUES ('65', '0', '12');
INSERT INTO `item_size` (`item_id`, `size`, `quantity`) VALUES ('65', '2', '14');
INSERT INTO `item_size` (`item_id`, `size`, `quantity`) VALUES ('65', '4', '16');
INSERT INTO `item_size` (`item_id`, `size`, `quantity`) VALUES ('65', '6', '18');
INSERT INTO `item_size` (`item_id`, `size`, `quantity`) VALUES ('65', '8', '20');

INSERT INTO `item_size` (`item_id`, `size`, `quantity`) VALUES ('66', '0', '25');
INSERT INTO `item_size` (`item_id`, `size`, `quantity`) VALUES ('66', '2', '25');
INSERT INTO `item_size` (`item_id`, `size`, `quantity`) VALUES ('66', '4', '25');
INSERT INTO `item_size` (`item_id`, `size`, `quantity`) VALUES ('66', '6', '25');
INSERT INTO `item_size` (`item_id`, `size`, `quantity`) VALUES ('66', '8', '25');
INSERT INTO `item_size` (`item_id`, `size`, `quantity`) VALUES ('66', '10', '25');
INSERT INTO `item_size` (`item_id`, `size`, `quantity`) VALUES ('66', '12', '25');

INSERT INTO `item_size` (`item_id`, `size`, `quantity`) VALUES ('67', '0', '25');
INSERT INTO `item_size` (`item_id`, `size`, `quantity`) VALUES ('67', '2', '25');
INSERT INTO `item_size` (`item_id`, `size`, `quantity`) VALUES ('67', '4', '25');
INSERT INTO `item_size` (`item_id`, `size`, `quantity`) VALUES ('67', '6', '25');
INSERT INTO `item_size` (`item_id`, `size`, `quantity`) VALUES ('67', '8', '25');
INSERT INTO `item_size` (`item_id`, `size`, `quantity`) VALUES ('67', '10', '25');
INSERT INTO `item_size` (`item_id`, `size`, `quantity`) VALUES ('67', '12', '25');

INSERT INTO `item_size` (`item_id`, `size`, `quantity`) VALUES ('68', '0', '25');
INSERT INTO `item_size` (`item_id`, `size`, `quantity`) VALUES ('68', '2', '25');
INSERT INTO `item_size` (`item_id`, `size`, `quantity`) VALUES ('68', '4', '25');
INSERT INTO `item_size` (`item_id`, `size`, `quantity`) VALUES ('68', '6', '25');
INSERT INTO `item_size` (`item_id`, `size`, `quantity`) VALUES ('68', '8', '25');
INSERT INTO `item_size` (`item_id`, `size`, `quantity`) VALUES ('68', '10', '25');
INSERT INTO `item_size` (`item_id`, `size`, `quantity`) VALUES ('68', '12', '25');

INSERT INTO `item_size` (`item_id`, `size`, `quantity`) VALUES ('69', '0', '25');
INSERT INTO `item_size` (`item_id`, `size`, `quantity`) VALUES ('69', '2', '25');
INSERT INTO `item_size` (`item_id`, `size`, `quantity`) VALUES ('69', '4', '25');
INSERT INTO `item_size` (`item_id`, `size`, `quantity`) VALUES ('69', '6', '25');
INSERT INTO `item_size` (`item_id`, `size`, `quantity`) VALUES ('69', '8', '25');
INSERT INTO `item_size` (`item_id`, `size`, `quantity`) VALUES ('69', '10', '25');
INSERT INTO `item_size` (`item_id`, `size`, `quantity`) VALUES ('69', '12', '25');

INSERT INTO `item_size` (`item_id`, `size`, `quantity`) VALUES ('70', '0', '25');
INSERT INTO `item_size` (`item_id`, `size`, `quantity`) VALUES ('70', '2', '25');
INSERT INTO `item_size` (`item_id`, `size`, `quantity`) VALUES ('70', '4', '25');
INSERT INTO `item_size` (`item_id`, `size`, `quantity`) VALUES ('70', '6', '25');
INSERT INTO `item_size` (`item_id`, `size`, `quantity`) VALUES ('70', '8', '25');
INSERT INTO `item_size` (`item_id`, `size`, `quantity`) VALUES ('70', '10', '25');
INSERT INTO `item_size` (`item_id`, `size`, `quantity`) VALUES ('70', '12', '25');

INSERT INTO `item_size` (`item_id`, `size`, `quantity`) VALUES ('71', '0', '25');
INSERT INTO `item_size` (`item_id`, `size`, `quantity`) VALUES ('71', '2', '25');
INSERT INTO `item_size` (`item_id`, `size`, `quantity`) VALUES ('71', '4', '25');
INSERT INTO `item_size` (`item_id`, `size`, `quantity`) VALUES ('71', '6', '25');
INSERT INTO `item_size` (`item_id`, `size`, `quantity`) VALUES ('71', '8', '25');
INSERT INTO `item_size` (`item_id`, `size`, `quantity`) VALUES ('71', '10', '25');
INSERT INTO `item_size` (`item_id`, `size`, `quantity`) VALUES ('71', '12', '25');

INSERT INTO `item_size` (`item_id`, `size`, `quantity`) VALUES ('72', '0', '25');
INSERT INTO `item_size` (`item_id`, `size`, `quantity`) VALUES ('72', '2', '25');
INSERT INTO `item_size` (`item_id`, `size`, `quantity`) VALUES ('72', '4', '25');
INSERT INTO `item_size` (`item_id`, `size`, `quantity`) VALUES ('72', '6', '25');
INSERT INTO `item_size` (`item_id`, `size`, `quantity`) VALUES ('72', '8', '25');
INSERT INTO `item_size` (`item_id`, `size`, `quantity`) VALUES ('72', '10', '25');
INSERT INTO `item_size` (`item_id`, `size`, `quantity`) VALUES ('72', '12', '25');

INSERT INTO `item_size` (`item_id`, `size`, `quantity`) VALUES ('73', '0', '25');
INSERT INTO `item_size` (`item_id`, `size`, `quantity`) VALUES ('73', '2', '25');
INSERT INTO `item_size` (`item_id`, `size`, `quantity`) VALUES ('73', '4', '25');
INSERT INTO `item_size` (`item_id`, `size`, `quantity`) VALUES ('73', '6', '25');
INSERT INTO `item_size` (`item_id`, `size`, `quantity`) VALUES ('73', '8', '25');
INSERT INTO `item_size` (`item_id`, `size`, `quantity`) VALUES ('73', '10', '25');
INSERT INTO `item_size` (`item_id`, `size`, `quantity`) VALUES ('73', '12', '25');

INSERT INTO `item_size` (`item_id`, `size`, `quantity`) VALUES ('74', '0', '25');
INSERT INTO `item_size` (`item_id`, `size`, `quantity`) VALUES ('74', '2', '25');
INSERT INTO `item_size` (`item_id`, `size`, `quantity`) VALUES ('74', '4', '25');
INSERT INTO `item_size` (`item_id`, `size`, `quantity`) VALUES ('74', '6', '25');
INSERT INTO `item_size` (`item_id`, `size`, `quantity`) VALUES ('74', '8', '25');
INSERT INTO `item_size` (`item_id`, `size`, `quantity`) VALUES ('74', '10', '25');
INSERT INTO `item_size` (`item_id`, `size`, `quantity`) VALUES ('74', '12', '25');

INSERT INTO `item_size` (`item_id`, `size`, `quantity`) VALUES ('75', '0', '25');
INSERT INTO `item_size` (`item_id`, `size`, `quantity`) VALUES ('75', '2', '25');
INSERT INTO `item_size` (`item_id`, `size`, `quantity`) VALUES ('75', '4', '25');
INSERT INTO `item_size` (`item_id`, `size`, `quantity`) VALUES ('75', '6', '25');
INSERT INTO `item_size` (`item_id`, `size`, `quantity`) VALUES ('75', '8', '25');
INSERT INTO `item_size` (`item_id`, `size`, `quantity`) VALUES ('75', '10', '25');
INSERT INTO `item_size` (`item_id`, `size`, `quantity`) VALUES ('75', '12', '25');

INSERT INTO `item_size` (`item_id`, `size`, `quantity`) VALUES ('76', '0', '25');
INSERT INTO `item_size` (`item_id`, `size`, `quantity`) VALUES ('76', '2', '25');
INSERT INTO `item_size` (`item_id`, `size`, `quantity`) VALUES ('76', '4', '25');
INSERT INTO `item_size` (`item_id`, `size`, `quantity`) VALUES ('76', '6', '25');
INSERT INTO `item_size` (`item_id`, `size`, `quantity`) VALUES ('76', '8', '25');
INSERT INTO `item_size` (`item_id`, `size`, `quantity`) VALUES ('76', '10', '25');
INSERT INTO `item_size` (`item_id`, `size`, `quantity`) VALUES ('76', '12', '25');

INSERT INTO `item_size` (`item_id`, `size`, `quantity`) VALUES ('77', '0', '25');
INSERT INTO `item_size` (`item_id`, `size`, `quantity`) VALUES ('77', '2', '25');
INSERT INTO `item_size` (`item_id`, `size`, `quantity`) VALUES ('77', '4', '25');
INSERT INTO `item_size` (`item_id`, `size`, `quantity`) VALUES ('77', '6', '25');
INSERT INTO `item_size` (`item_id`, `size`, `quantity`) VALUES ('77', '8', '25');
INSERT INTO `item_size` (`item_id`, `size`, `quantity`) VALUES ('77', '10', '25');
INSERT INTO `item_size` (`item_id`, `size`, `quantity`) VALUES ('77', '12', '25');

INSERT INTO `item_size` (`item_id`, `size`, `quantity`) VALUES ('78', '0', '25');
INSERT INTO `item_size` (`item_id`, `size`, `quantity`) VALUES ('78', '2', '25');
INSERT INTO `item_size` (`item_id`, `size`, `quantity`) VALUES ('78', '4', '25');
INSERT INTO `item_size` (`item_id`, `size`, `quantity`) VALUES ('78', '6', '25');
INSERT INTO `item_size` (`item_id`, `size`, `quantity`) VALUES ('78', '8', '25');
INSERT INTO `item_size` (`item_id`, `size`, `quantity`) VALUES ('78', '10', '25');
INSERT INTO `item_size` (`item_id`, `size`, `quantity`) VALUES ('78', '12', '25');

INSERT INTO `item_size` (`item_id`, `size`, `quantity`) VALUES ('79', '0', '25');
INSERT INTO `item_size` (`item_id`, `size`, `quantity`) VALUES ('79', '2', '25');
INSERT INTO `item_size` (`item_id`, `size`, `quantity`) VALUES ('79', '4', '25');
INSERT INTO `item_size` (`item_id`, `size`, `quantity`) VALUES ('79', '6', '25');
INSERT INTO `item_size` (`item_id`, `size`, `quantity`) VALUES ('79', '8', '25');
INSERT INTO `item_size` (`item_id`, `size`, `quantity`) VALUES ('79', '10', '25');
INSERT INTO `item_size` (`item_id`, `size`, `quantity`) VALUES ('79', '12', '25');

INSERT INTO `item_size` (`item_id`, `size`, `quantity`) VALUES ('80', '0', '25');
INSERT INTO `item_size` (`item_id`, `size`, `quantity`) VALUES ('80', '2', '25');
INSERT INTO `item_size` (`item_id`, `size`, `quantity`) VALUES ('80', '4', '25');
INSERT INTO `item_size` (`item_id`, `size`, `quantity`) VALUES ('80', '6', '25');
INSERT INTO `item_size` (`item_id`, `size`, `quantity`) VALUES ('80', '8', '25');
INSERT INTO `item_size` (`item_id`, `size`, `quantity`) VALUES ('80', '10', '25');
INSERT INTO `item_size` (`item_id`, `size`, `quantity`) VALUES ('80', '12', '25');

INSERT INTO `item_size` (`item_id`, `size`, `quantity`) VALUES ('81', '12', '25');
INSERT INTO `item_size` (`item_id`, `size`, `quantity`) VALUES ('81', '14', '25');
INSERT INTO `item_size` (`item_id`, `size`, `quantity`) VALUES ('81', '16', '25');
INSERT INTO `item_size` (`item_id`, `size`, `quantity`) VALUES ('81', '18', '25');
INSERT INTO `item_size` (`item_id`, `size`, `quantity`) VALUES ('81', '20', '25');

INSERT INTO `item_size` (`item_id`, `size`, `quantity`) VALUES ('82', '0', '25');
INSERT INTO `item_size` (`item_id`, `size`, `quantity`) VALUES ('82', '2', '25');
INSERT INTO `item_size` (`item_id`, `size`, `quantity`) VALUES ('82', '4', '25');
INSERT INTO `item_size` (`item_id`, `size`, `quantity`) VALUES ('82', '6', '25');
INSERT INTO `item_size` (`item_id`, `size`, `quantity`) VALUES ('82', '8', '25');
INSERT INTO `item_size` (`item_id`, `size`, `quantity`) VALUES ('82', '10', '25');
INSERT INTO `item_size` (`item_id`, `size`, `quantity`) VALUES ('82', '12', '25');

INSERT INTO `item_size` (`item_id`, `size`, `quantity`) VALUES ('83', '12', '25');
INSERT INTO `item_size` (`item_id`, `size`, `quantity`) VALUES ('83', '14', '25');
INSERT INTO `item_size` (`item_id`, `size`, `quantity`) VALUES ('83', '16', '25');
INSERT INTO `item_size` (`item_id`, `size`, `quantity`) VALUES ('83', '18', '25');
INSERT INTO `item_size` (`item_id`, `size`, `quantity`) VALUES ('83', '20', '25');

INSERT INTO `item_size` (`item_id`, `size`, `quantity`) VALUES ('84', '0', '25');
INSERT INTO `item_size` (`item_id`, `size`, `quantity`) VALUES ('84', '2', '25');
INSERT INTO `item_size` (`item_id`, `size`, `quantity`) VALUES ('84', '4', '25');
INSERT INTO `item_size` (`item_id`, `size`, `quantity`) VALUES ('84', '6', '25');
INSERT INTO `item_size` (`item_id`, `size`, `quantity`) VALUES ('84', '8', '25');
INSERT INTO `item_size` (`item_id`, `size`, `quantity`) VALUES ('84', '10', '25');
INSERT INTO `item_size` (`item_id`, `size`, `quantity`) VALUES ('84', '12', '25');

INSERT INTO `item_size` (`item_id`, `size`, `quantity`) VALUES ('85', '0', '25');
INSERT INTO `item_size` (`item_id`, `size`, `quantity`) VALUES ('85', '2', '25');
INSERT INTO `item_size` (`item_id`, `size`, `quantity`) VALUES ('85', '4', '25');
INSERT INTO `item_size` (`item_id`, `size`, `quantity`) VALUES ('85', '6', '25');
INSERT INTO `item_size` (`item_id`, `size`, `quantity`) VALUES ('85', '8', '25');
INSERT INTO `item_size` (`item_id`, `size`, `quantity`) VALUES ('85', '10', '25');
INSERT INTO `item_size` (`item_id`, `size`, `quantity`) VALUES ('85', '12', '25');

INSERT INTO `item_size` (`item_id`, `size`, `quantity`) VALUES ('86', '0', '25');
INSERT INTO `item_size` (`item_id`, `size`, `quantity`) VALUES ('86', '2', '25');
INSERT INTO `item_size` (`item_id`, `size`, `quantity`) VALUES ('86', '4', '25');
INSERT INTO `item_size` (`item_id`, `size`, `quantity`) VALUES ('86', '6', '25');
INSERT INTO `item_size` (`item_id`, `size`, `quantity`) VALUES ('86', '8', '25');
INSERT INTO `item_size` (`item_id`, `size`, `quantity`) VALUES ('86', '10', '25');
INSERT INTO `item_size` (`item_id`, `size`, `quantity`) VALUES ('86', '12', '25');

INSERT INTO `item_size` (`item_id`, `size`, `quantity`) VALUES ('87', '0', '25');
INSERT INTO `item_size` (`item_id`, `size`, `quantity`) VALUES ('87', '2', '25');
INSERT INTO `item_size` (`item_id`, `size`, `quantity`) VALUES ('87', '4', '25');
INSERT INTO `item_size` (`item_id`, `size`, `quantity`) VALUES ('87', '6', '25');
INSERT INTO `item_size` (`item_id`, `size`, `quantity`) VALUES ('87', '8', '25');
INSERT INTO `item_size` (`item_id`, `size`, `quantity`) VALUES ('87', '10', '25');
INSERT INTO `item_size` (`item_id`, `size`, `quantity`) VALUES ('87', '12', '25');

INSERT INTO `item_size` (`item_id`, `size`, `quantity`) VALUES ('88', '0', '25');
INSERT INTO `item_size` (`item_id`, `size`, `quantity`) VALUES ('88', '2', '25');
INSERT INTO `item_size` (`item_id`, `size`, `quantity`) VALUES ('88', '4', '25');
INSERT INTO `item_size` (`item_id`, `size`, `quantity`) VALUES ('88', '6', '25');
INSERT INTO `item_size` (`item_id`, `size`, `quantity`) VALUES ('88', '8', '25');
INSERT INTO `item_size` (`item_id`, `size`, `quantity`) VALUES ('88', '10', '25');
INSERT INTO `item_size` (`item_id`, `size`, `quantity`) VALUES ('88', '12', '25');

INSERT INTO `item_size` (`item_id`, `size`, `quantity`) VALUES ('89', '0', '25');
INSERT INTO `item_size` (`item_id`, `size`, `quantity`) VALUES ('89', '2', '25');
INSERT INTO `item_size` (`item_id`, `size`, `quantity`) VALUES ('89', '4', '25');
INSERT INTO `item_size` (`item_id`, `size`, `quantity`) VALUES ('89', '6', '25');
INSERT INTO `item_size` (`item_id`, `size`, `quantity`) VALUES ('89', '8', '25');
INSERT INTO `item_size` (`item_id`, `size`, `quantity`) VALUES ('89', '10', '25');
INSERT INTO `item_size` (`item_id`, `size`, `quantity`) VALUES ('89', '12', '25');

INSERT INTO `item_size` (`item_id`, `size`, `quantity`) VALUES ('90', '12', '25');
INSERT INTO `item_size` (`item_id`, `size`, `quantity`) VALUES ('90', '14', '25');
INSERT INTO `item_size` (`item_id`, `size`, `quantity`) VALUES ('90', '16', '25');
INSERT INTO `item_size` (`item_id`, `size`, `quantity`) VALUES ('90', '18', '25');
INSERT INTO `item_size` (`item_id`, `size`, `quantity`) VALUES ('90', '20', '25');

INSERT INTO `item_size` (`item_id`, `size`, `quantity`) VALUES ('91', '12', '25');
INSERT INTO `item_size` (`item_id`, `size`, `quantity`) VALUES ('91', '14', '25');
INSERT INTO `item_size` (`item_id`, `size`, `quantity`) VALUES ('91', '16', '25');
INSERT INTO `item_size` (`item_id`, `size`, `quantity`) VALUES ('91', '18', '25');
INSERT INTO `item_size` (`item_id`, `size`, `quantity`) VALUES ('91', '20', '25');

INSERT INTO `item_size` (`item_id`, `size`, `quantity`) VALUES ('92', '0', '45');
INSERT INTO `item_size` (`item_id`, `size`, `quantity`) VALUES ('92', '2', '45');
INSERT INTO `item_size` (`item_id`, `size`, `quantity`) VALUES ('92', '4', '45');
INSERT INTO `item_size` (`item_id`, `size`, `quantity`) VALUES ('92', '6', '45');
INSERT INTO `item_size` (`item_id`, `size`, `quantity`) VALUES ('92', '8', '45');
INSERT INTO `item_size` (`item_id`, `size`, `quantity`) VALUES ('92', '10', '45');
INSERT INTO `item_size` (`item_id`, `size`, `quantity`) VALUES ('92', '12', '45');

INSERT INTO `item_size` (`item_id`, `size`, `quantity`) VALUES ('93', '0', '45');
INSERT INTO `item_size` (`item_id`, `size`, `quantity`) VALUES ('93', '2', '45');
INSERT INTO `item_size` (`item_id`, `size`, `quantity`) VALUES ('93', '4', '45');
INSERT INTO `item_size` (`item_id`, `size`, `quantity`) VALUES ('93', '6', '45');
INSERT INTO `item_size` (`item_id`, `size`, `quantity`) VALUES ('93', '8', '45');
INSERT INTO `item_size` (`item_id`, `size`, `quantity`) VALUES ('93', '10', '45');
INSERT INTO `item_size` (`item_id`, `size`, `quantity`) VALUES ('93', '12', '45');

INSERT INTO `item_size` (`item_id`, `size`, `quantity`) VALUES ('94', '0', '45');
INSERT INTO `item_size` (`item_id`, `size`, `quantity`) VALUES ('94', '2', '45');
INSERT INTO `item_size` (`item_id`, `size`, `quantity`) VALUES ('94', '4', '45');
INSERT INTO `item_size` (`item_id`, `size`, `quantity`) VALUES ('94', '6', '45');
INSERT INTO `item_size` (`item_id`, `size`, `quantity`) VALUES ('94', '8', '45');
INSERT INTO `item_size` (`item_id`, `size`, `quantity`) VALUES ('94', '10', '45');
INSERT INTO `item_size` (`item_id`, `size`, `quantity`) VALUES ('94', '12', '45');

INSERT INTO `item_size` (`item_id`, `size`, `quantity`) VALUES ('95', '0', '45');
INSERT INTO `item_size` (`item_id`, `size`, `quantity`) VALUES ('95', '2', '45');
INSERT INTO `item_size` (`item_id`, `size`, `quantity`) VALUES ('95', '4', '45');
INSERT INTO `item_size` (`item_id`, `size`, `quantity`) VALUES ('95', '6', '45');
INSERT INTO `item_size` (`item_id`, `size`, `quantity`) VALUES ('95', '8', '45');
INSERT INTO `item_size` (`item_id`, `size`, `quantity`) VALUES ('95', '10', '45');
INSERT INTO `item_size` (`item_id`, `size`, `quantity`) VALUES ('95', '12', '45');

INSERT INTO `item_size` (`item_id`, `size`, `quantity`) VALUES ('96', '0', '45');
INSERT INTO `item_size` (`item_id`, `size`, `quantity`) VALUES ('96', '2', '45');
INSERT INTO `item_size` (`item_id`, `size`, `quantity`) VALUES ('96', '4', '45');
INSERT INTO `item_size` (`item_id`, `size`, `quantity`) VALUES ('96', '6', '45');
INSERT INTO `item_size` (`item_id`, `size`, `quantity`) VALUES ('96', '8', '45');
INSERT INTO `item_size` (`item_id`, `size`, `quantity`) VALUES ('96', '10', '45');
INSERT INTO `item_size` (`item_id`, `size`, `quantity`) VALUES ('96', '12', '45');

INSERT INTO `item_size` (`item_id`, `size`, `quantity`) VALUES ('97', '0', '45');
INSERT INTO `item_size` (`item_id`, `size`, `quantity`) VALUES ('97', '2', '45');
INSERT INTO `item_size` (`item_id`, `size`, `quantity`) VALUES ('97', '4', '45');
INSERT INTO `item_size` (`item_id`, `size`, `quantity`) VALUES ('97', '6', '45');
INSERT INTO `item_size` (`item_id`, `size`, `quantity`) VALUES ('97', '8', '45');
INSERT INTO `item_size` (`item_id`, `size`, `quantity`) VALUES ('97', '10', '45');
INSERT INTO `item_size` (`item_id`, `size`, `quantity`) VALUES ('97', '12', '45');

INSERT INTO `item_size` (`item_id`, `size`, `quantity`) VALUES ('98', '0', '45');
INSERT INTO `item_size` (`item_id`, `size`, `quantity`) VALUES ('98', '2', '45');
INSERT INTO `item_size` (`item_id`, `size`, `quantity`) VALUES ('98', '4', '45');
INSERT INTO `item_size` (`item_id`, `size`, `quantity`) VALUES ('98', '6', '45');
INSERT INTO `item_size` (`item_id`, `size`, `quantity`) VALUES ('98', '8', '45');
INSERT INTO `item_size` (`item_id`, `size`, `quantity`) VALUES ('98', '10', '45');
INSERT INTO `item_size` (`item_id`, `size`, `quantity`) VALUES ('98', '12', '45');

INSERT INTO `item_size` (`item_id`, `size`, `quantity`) VALUES ('99', '0', '45');
INSERT INTO `item_size` (`item_id`, `size`, `quantity`) VALUES ('99', '2', '45');
INSERT INTO `item_size` (`item_id`, `size`, `quantity`) VALUES ('99', '4', '45');
INSERT INTO `item_size` (`item_id`, `size`, `quantity`) VALUES ('99', '6', '45');
INSERT INTO `item_size` (`item_id`, `size`, `quantity`) VALUES ('99', '8', '45');
INSERT INTO `item_size` (`item_id`, `size`, `quantity`) VALUES ('99', '10', '45');
INSERT INTO `item_size` (`item_id`, `size`, `quantity`) VALUES ('99', '12', '45');

INSERT INTO `item_size` (`item_id`, `size`, `quantity`) VALUES ('100', '0', '45');
INSERT INTO `item_size` (`item_id`, `size`, `quantity`) VALUES ('100', '2', '45');
INSERT INTO `item_size` (`item_id`, `size`, `quantity`) VALUES ('100', '4', '45');
INSERT INTO `item_size` (`item_id`, `size`, `quantity`) VALUES ('100', '6', '45');
INSERT INTO `item_size` (`item_id`, `size`, `quantity`) VALUES ('100', '8', '45');
INSERT INTO `item_size` (`item_id`, `size`, `quantity`) VALUES ('100', '10', '45');
INSERT INTO `item_size` (`item_id`, `size`, `quantity`) VALUES ('100', '12', '45');

INSERT INTO `item_size` (`item_id`, `size`, `quantity`) VALUES ('101', '12', '45');
INSERT INTO `item_size` (`item_id`, `size`, `quantity`) VALUES ('101', '14', '45');
INSERT INTO `item_size` (`item_id`, `size`, `quantity`) VALUES ('101', '16', '45');
INSERT INTO `item_size` (`item_id`, `size`, `quantity`) VALUES ('101', '18', '45');
INSERT INTO `item_size` (`item_id`, `size`, `quantity`) VALUES ('101', '20', '45');

INSERT INTO `item_size` (`item_id`, `size`, `quantity`) VALUES ('102', '12', '45');
INSERT INTO `item_size` (`item_id`, `size`, `quantity`) VALUES ('102', '14', '45');
INSERT INTO `item_size` (`item_id`, `size`, `quantity`) VALUES ('102', '16', '45');
INSERT INTO `item_size` (`item_id`, `size`, `quantity`) VALUES ('102', '18', '45');
INSERT INTO `item_size` (`item_id`, `size`, `quantity`) VALUES ('102', '20', '45');

INSERT INTO `item_size` (`item_id`, `size`, `quantity`) VALUES ('103', '12', '45');
INSERT INTO `item_size` (`item_id`, `size`, `quantity`) VALUES ('103', '14', '45');
INSERT INTO `item_size` (`item_id`, `size`, `quantity`) VALUES ('103', '16', '45');
INSERT INTO `item_size` (`item_id`, `size`, `quantity`) VALUES ('103', '18', '45');
INSERT INTO `item_size` (`item_id`, `size`, `quantity`) VALUES ('103', '20', '45');

INSERT INTO `item_size` (`item_id`, `size`, `quantity`) VALUES ('104', '0', '45');
INSERT INTO `item_size` (`item_id`, `size`, `quantity`) VALUES ('104', '2', '45');
INSERT INTO `item_size` (`item_id`, `size`, `quantity`) VALUES ('104', '4', '45');
INSERT INTO `item_size` (`item_id`, `size`, `quantity`) VALUES ('104', '6', '45');
INSERT INTO `item_size` (`item_id`, `size`, `quantity`) VALUES ('104', '8', '45');
INSERT INTO `item_size` (`item_id`, `size`, `quantity`) VALUES ('104', '10', '45');
INSERT INTO `item_size` (`item_id`, `size`, `quantity`) VALUES ('104', '12', '45');

INSERT INTO `item_size` (`item_id`, `size`, `quantity`) VALUES ('105', '0', '45');
INSERT INTO `item_size` (`item_id`, `size`, `quantity`) VALUES ('105', '2', '45');
INSERT INTO `item_size` (`item_id`, `size`, `quantity`) VALUES ('105', '4', '45');
INSERT INTO `item_size` (`item_id`, `size`, `quantity`) VALUES ('105', '6', '45');
INSERT INTO `item_size` (`item_id`, `size`, `quantity`) VALUES ('105', '8', '45');
INSERT INTO `item_size` (`item_id`, `size`, `quantity`) VALUES ('105', '10', '45');
INSERT INTO `item_size` (`item_id`, `size`, `quantity`) VALUES ('105', '12', '45');


INSERT INTO item(price, category_id, item_name, item_description, deleted) VALUES (
    84.95, 
    'acli', 
    'Plus Size Ball Gown Silhouette Slip', 
    'This pull-on plus-size slip features a high waist and a beautiful lace-trimmed tulle bottom. This slip was designed to enhance the shape of our ball gowns and prevent them from collapsing between the legs while the bride is walking down the aisle or dancing the night away.',
    0
);
INSERT INTO item(price, category_id, item_name, item_description, deleted) VALUES (
    84.95, 
    'acli', 
    'Something Blue Lace Roses Garter Set', 
    'This something blue memento will be one of your favorites! Keep one and toss one of these beautiful blue garters, embellished with lace roses.',
    0
);
INSERT INTO item(price, category_id, item_name, item_description, deleted) VALUES (
    39.95, 
    'acli', 
    'Personalized Satin Ruffle Robe', 
    'Get ready in style wearing this super-soft satin robe with ruffles at the cuffs and hem. Personalized across the back with the name of your choice.',
    0
);
INSERT INTO item(price, category_id, item_name, item_description, deleted) VALUES (
    24.95, 
    'acli', 
    'Embellished Crystal Garter Set', 
    'Add a little sparkle to your ensemble with this embellished crystal garter set.',
    0
);
INSERT INTO item(price, category_id, item_name, item_description, deleted) VALUES (
    14.95, 
    'acli', 
    'Plus Size Full Bridal Ball Gown Slip', 
    'This plus size full slip enhances ball gown silhouettes and features a zip-up power net waist and lace trimmed bottom.',
    0
);
INSERT INTO item(price, category_id, item_name, item_description, deleted) VALUES (
    29.95, 
    'acli', 
    'Maidenform High Rise High Control Shaping Shorts', 
    'These above-the-knee shaping shorts add strong smoothing control to the legs, bottom, and midsection, allowing you to feel your most confident in anything you wear. Plus, paneling at the bottom gives a flattering lift. ',
    0
);
INSERT INTO item(price, category_id, item_name, item_description, deleted) VALUES (
    24.95, 
    'acli', 
    'Soft Flower Garter Set', 
    'This soft floral lace and satin set includes two garters: one to keep and one to toss.',
    0
);
INSERT INTO item(price, category_id, item_name, item_description, deleted) VALUES (
    79.95, 
    'acli', 
    'Ball Gown Silhouette Slip', 
    'This pull-on slip features a high waist and a beautiful lace-trimmed tulle bottom. This slip was designed to enhance the shape of our ball gowns and prevent them from collapsing between the legs while the bride is walking down the aisle or dancing the night away.',
    0
);
INSERT INTO item(price, category_id, item_name, item_description, deleted) VALUES (
    79.95, 
    'acli', 
    'A-Line Silhouette Slip', 
    'This pull-on slip features a high waist and a beautiful lace-trimmed tulle bottom. This slip was designed to enhance the shape of our A-line gowns and prevent them from collapsing between the legs while the bride is walking down the aisle or dancing the night away.',
    0
);
INSERT INTO item(price, category_id, item_name, item_description, deleted) VALUES (
    79.95, 
    'acli', 
    'Trumpet Silhouette Slip', 
    'This pull-on slip features a high waist and a beautiful lace-trimmed tulle bottom. This slip was designed to enhance the shape of our fit-and-flare trumpet and mermaid gowns and prevent them from collapsing between the legs while the bride is walking down the aisle or dancing the night away.',
    0
);
INSERT INTO item(price, category_id, item_name, item_description, deleted) VALUES (
    74.95, 
    'acli', 
    'Hand-Wired Crystal Sprig Hair Pin', 
    'A dainty crystal spray gleams from this hand-wired hair pin.',
    0
);
INSERT INTO item(price, category_id, item_name, item_description, deleted) VALUES (
    105.00, 
    'acli', 
    'Hand-Wired Petite Crystal Leaf Trio Hairpin Set', 
    'Dot your hairdo with this dainty, hand-wired set of five leafy crystal hairpins.',
    0
);
INSERT INTO item(price, category_id, item_name, item_description, deleted) VALUES (
    225.00, 
    'acli', 
    'Marquise Crystal Wave Halo Comb', 
    'A soft wave of sparkling marquise crystals creates a gorgeous topper for your wedding hairstyle. Attached to two combs, the flexible, hand-wired halo can be worn on the top of the head, down the side of a loose and wavy style, or at the back of a classic updo.',
    0
);
INSERT INTO item(price, category_id, item_name, item_description, deleted) VALUES (
    90.00, 
    'acli', 
    'Linear Marquise Swarovski Crystal Bobby Pin Set', 
    'Sleek and simple yet totally fresh, this set of two bobby pins features a line of sparkling marquise-cut Swarovski crystals.',
    0
);
INSERT INTO item(price, category_id, item_name, item_description, deleted) VALUES (
    7.99, 
    'acli', 
    'Graduated Pearl Headband', 
    'Trend-right yet oh-so-classic, this graduated pearl headband adds a fun pop to any hairstyle.',
    0
);
INSERT INTO item(price, category_id, item_name, item_description, deleted) VALUES (
    234.99, 
    'acli', 
    'Swarovski Crystal Marquise Floral Halo with Combs', 
    'Lustrous opaque ivory stones and dazzling Swarovski crystals sparkle on this statement halo. The versatile piece can be worn at the back of the head, above or below an up- or half-up-do, around a bun, or down one side of flowing curls.',
    0
);
INSERT INTO item(price, category_id, item_name, item_description, deleted) VALUES (
    80.00, 
    'acli', 
    'Whitewashed Petal Hair Clip Set with Pearl Accents', 
    'Bold petals are whitewashed for a striking look. Tiny pearl centers add extra luster.',
    0
);
INSERT INTO item(price, category_id, item_name, item_description, deleted) VALUES (
    185.00, 
    'acli', 
    'Winding Vine Swarovski Crystal Hairpin Set', 
    'Add a botanical element to your hairstyle with this set of three leafy, twining vine Swarovski crystal pins.',
    0
);
INSERT INTO item(price, category_id, item_name, item_description, deleted) VALUES (
    225.00, 
    'acli', 
    'Hand-Wired Swarovski Crystal Marquise Leaf Clip', 
    'A wide spray of marquise-cut Swarovski crystal leaves lends a botanical feel to your up-do or beachy waves.',
    0
);
INSERT INTO item(price, category_id, item_name, item_description, deleted) VALUES (
    155.00, 
    'acli', 
    'Hand-Wired Genuine Opal and Crystal Sun Comb Set', 
    'Add the luster of genuine opal and the sparkle of crystal baguettes to your hair with this set of three sunburst combs.',
    0
);
INSERT INTO item(price, category_id, item_name, item_description, deleted) VALUES (
    129.99, 
    'acli', 
    'Beaded Floral Cathedral Veil wtih Scallop Edge', 
    'Elegant and simple, yet still evoking a dramatic appeal . This cathedral veil is the perfect accessory.',
    0
);
INSERT INTO item(price, category_id, item_name, item_description, deleted) VALUES (
    249.95, 
    'acli', 
    'Scattered Embroidered Florals Chapel Length Tulle', 
    'This tulle chapel length veil, scattered with embroidered floral blooms, adds a soft, romantic touch to a wedding ceremony look.',
    0
);
INSERT INTO item(price, category_id, item_name, item_description, deleted) VALUES (
    99.95, 
    'acli', 
    'Raw-Edge Tulle Cathedral-Length Veil', 
    'Simple and chic, this longer-than-long tulle veil makes a timeless statement.',
    0
);
INSERT INTO item(price, category_id, item_name, item_description, deleted) VALUES (
    49.95, 
    'acli', 
    'One Tier Tulle Fingertip Veil with Pencil Edge', 
    'This simple tulle fingertip-length veil is accented with pencil-edge piping.',
    0
);
INSERT INTO item(price, category_id, item_name, item_description, deleted) VALUES (
    99.95, 
    'acli', 
    'Gathered Tulle Cathedral Veil with Allover Glitter', 
    'Made from glitter tulle fabric, this cathedral veil dazzles with subtle allover sparkle',
    0
);
INSERT INTO item(price, category_id, item_name, item_description, deleted) VALUES (
    49.95, 
    'acli', 
    'Simple Metallic Edge Mid-Length Veil', 
    'A whisper of metallic threading at the edge of this mid-length tulle veil lends the faintest hint of shimmer to your look.',
    0
);
INSERT INTO item(price, category_id, item_name, item_description, deleted) VALUES (
    159.95, 
    'acli', 
    'Clear Beaded-Edge Mid-Length Veil', 
    'Simple yet gleaming, this tulle fingertip veil is finished with an edge of clear beading for diamond-like sparkle.',
    0
);
INSERT INTO item(price, category_id, item_name, item_description, deleted) VALUES (
    235.00, 
    'acli', 
    'Floral Lace Silk Tulle Fingertip Veil', 
    'Delicate hand-sewn floral lace begins halfway down this soft silk tulle mid-length veil, creating a lovely contrast of embellishment and simplicity.',
    0
);
INSERT INTO item(price, category_id, item_name, item_description, deleted) VALUES (
    149.95, 
    'acli', 
    'Embroidered Floral Fingertip Mantilla Veil', 
    'We love the traditional beauty of a mantilla veil, especially when the edge is embroidered with a scrolling floral lace motif.',
    0
);
INSERT INTO item(price, category_id, item_name, item_description, deleted) VALUES (
    149.95, 
    'acli', 
    'Corded Lace Edge Fingertip Veil', 
    'Corded lace flowers spill over the edge of this gossamer tulle fingertip veil.',
    0
);
INSERT INTO item(price, category_id, item_name, item_description, deleted) VALUES (
    24.95, 
    'acli', 
    'Satin Opera Length Gloves', 
    'This shiny satin opera length glove is perfectly suited for brides, bridesmaids, proms, and any formal occasion!',
    0
);
INSERT INTO item(price, category_id, item_name, item_description, deleted) VALUES (
    24.95, 
    'acli', 
    'Lace Appliqued Wrist-Length Gloves', 
    'Topped with a lovely lace detail and sequins, these stretch-satin gloves add a delicate finish to every bridal look',
    0
);
INSERT INTO item(price, category_id, item_name, item_description, deleted) VALUES (
    249.95, 
    'acli', 
    'Matte Satin Over-The- Elbow Gloves', 
    'These matte-finish, stretch-satin stunners are sure to turn heads at your next formal occasion.',
    0
);
INSERT INTO item(price, category_id, item_name, item_description, deleted) VALUES (
    16.95, 
    'acli', 
    'Girls Elbow-Length Satin Gloves', 
    'These elbow-length girls satin gloves are perfect for any special occasion.',
    0
);
INSERT INTO item(price, category_id, item_name, item_description, deleted) VALUES (
    16.95, 
    'acli', 
    'Lace Wrist-Length Gloves', 
    'These stretch-lace gloves add a delicate finish to every bridal look.',
    0
);
INSERT INTO item(price, category_id, item_name, item_description, deleted) VALUES (
    19.95, 
    'acli', 
    'Satin Elbow-Length Gloves', 
    'These lustrous stretch-satin stunners are sure to turn heads at your next formal occasion.',
    0
);
INSERT INTO item(price, category_id, item_name, item_description, deleted) VALUES (
    14.95, 
    'acli', 
    'Girls Lace Wrist-Length Gloves', 
    'These wrist-length girls lace gloves are perfect for any special occasion.',
    0
);
INSERT INTO item(price, category_id, item_name, item_description, deleted) VALUES (
    12.95, 
    'acli', 
    'Girls Satin Wrist-Length Gloves', 
    'These girls satin wrist gloves are the perfect addition to any special outfit.',
    0
);
INSERT INTO item(price, category_id, item_name, item_description, deleted) VALUES (
    149.95, 
    'acli', 
    'Graduated Scallops Beaded Satin Sash', 
    'Intricately beaded scallops taper in size as they spread from the center of this satin ribbon sash.',
    0
);
INSERT INTO item(price, category_id, item_name, item_description, deleted) VALUES (
    69.95, 
    'acli', 
    'Slim Crystal Cluster Sash with Ribbon', 
    'Add some shimmer to your wedding day look with this slender sash, crafted of crystals and rhodium and tied with a pretty ribbon.',
    0
);
INSERT INTO item(price, category_id, item_name, item_description, deleted) VALUES (
    5.95, 
    'acli', 
    'Classic Satin 1 inch Sash', 
    "This classic 1-inch satin ribbon adds color to your day in so many ways. Available in David's Bridal's exclusive palette, it can be worn as a sash on your wedding gown, bridesmaid dresses, or flower girl dress, tied on  floral arrangements or flower girl baskets, used as ceremony and reception decor, and many more lovely, color-coordinated uses.",
    0
);
INSERT INTO item(price, category_id, item_name, item_description, deleted) VALUES (
    159.95, 
    'acli', 
    'Crystal Floral Wired Sash', 
    'This lovely floral sash lends a vintage-inspired vibe to your look with its brushed petals and crystal and pearl accents. Finished with organza ribbon.',
    0
);
INSERT INTO item(price, category_id, item_name, item_description, deleted) VALUES (
    99.95, 
    'acli', 
    'Opal-Adorned Crystal Leaf Sash', 
    'Adorned with crystal and opal medallions, this sash will add an extra touch of romance to your wedding dress.',
    0
);
INSERT INTO item(price, category_id, item_name, item_description, deleted) VALUES (
    129.95, 
    'acli', 
    'Graduated Pearl and Crystal Blossom Medallion Sash', 
    'The perfect finishing touch for your wedding dress, this floral sash features glittering crystals and luminous pearls.',
    0
);
INSERT INTO item(price, category_id, item_name, item_description, deleted) VALUES (
    129.95, 
    'acli', 
    'Marquise and Circle Cut Crystal Band Sash', 
    'A brilliant band of marquise and round crystals form this elegant sash, the perfect accessory for any dress.',
    0
);
INSERT INTO item(price, category_id, item_name, item_description, deleted) VALUES (
    99.95, 
    'acli', 
    'High-Shine Crystal Flower Sash', 
    'Interconnected crystal flowers form an exquisite band of sparkle. Finished with a grosgrain ribbon.',
    0
);
INSERT INTO item(price, category_id, item_name, item_description, deleted) VALUES (
    79.95, 
    'acli', 
    'Gold Bead and Crystal Floral Sash', 
    'Gold beads give the rhinestone medallions on this exquisite bridal sash a warm glow.',
    0
);
INSERT INTO item(price, category_id, item_name, item_description, deleted) VALUES (
    79.95, 
    'acli', 
    'Beaded Crystal Sash with Satin Ribbon', 
    'Luminous crystal leaves outlined with metallic beads adorn this slim, satin-tied sash.',
    0
);
INSERT INTO item(price, category_id, item_name, item_description, deleted) VALUES (
    89.95, 
    'acli', 
    'Beaded Lace Floral Sash', 
    'As unique as it is beautiful, this blooming sash is crafted from embroidered florals dotted with crystals, beads, and pearls. Layered petals and leaves enhance the nature-inspired piece.',
    0
);
INSERT INTO item(price, category_id, item_name, item_description, deleted) VALUES (
    29.95, 
    'acli', 
    'Short Sleeve Satin Robe with Trim', 
    'Perfect to throw on while getting ready for a night out or to give as a gift, this luxe satin robe is timeless, practical, and elegant. The robe is finished with a satin-trimmed hem and a wrap-front closure.',
    0
);

INSERT INTO item_images VALUES(
    106,
    'acli_1a.jpeg'
);
INSERT INTO item_images VALUES(
    107,
    'acli_2a.jpeg'
);
INSERT INTO item_images VALUES(
    108,
    'acli_3a.jpeg'
);
INSERT INTO item_images VALUES(
    109,
    'acli_4a.jpeg'
);
INSERT INTO item_images VALUES(
    110,
    'acli_5a.jpeg'
);
INSERT INTO item_images VALUES(
    111,
    'acli_6a.jpeg'
);
INSERT INTO item_images VALUES(
    112,
    'acli_7a.jpeg'
);
INSERT INTO item_images VALUES(
    113,
    'acli_8a.jpeg'
);
INSERT INTO item_images VALUES(
    114,
    'acli_9a.jpeg'
);
INSERT INTO item_images VALUES(
    115,
    'acli_10a.jpeg'
);
INSERT INTO item_images VALUES(
    116,
    'acli_11a.jpeg'
);
INSERT INTO item_images VALUES(
    117,
    'acli_12a.jpeg'
);
INSERT INTO item_images VALUES(
    118,
    'acli_13a.jpeg'
);
INSERT INTO item_images VALUES(
    119,
    'acli_14a.jpeg'
);
INSERT INTO item_images VALUES(
    120,
    'acli_15a.jpeg'
);
INSERT INTO item_images VALUES(
    121,
    'acli_16a.jpeg'
);
INSERT INTO item_images VALUES(
    122,
    'acli_17a.jpeg'
);
INSERT INTO item_images VALUES(
    123,
    'acli_18a.jpeg'
);
INSERT INTO item_images VALUES(
    124,
    'acli_19a.jpeg'
);
INSERT INTO item_images VALUES(
    125,
    'acli_20a.jpeg'
);
INSERT INTO item_images VALUES(
    126,
    'acli_21a.jpeg'
);
INSERT INTO item_images VALUES(
    127,
    'acli_22a.jpeg'
);
INSERT INTO item_images VALUES(
    128,
    'acli_23a.jpeg'
);
INSERT INTO item_images VALUES(
    129,
    'acli_24a.jpeg'
);
INSERT INTO item_images VALUES(
    130,
    'acli_25a.jpeg'
);
INSERT INTO item_images VALUES(
    131,
    'acli_26a.jpeg'
);
INSERT INTO item_images VALUES(
    132,
    'acli_27a.jpeg'
);
INSERT INTO item_images VALUES(
    133,
    'acli_28a.jpeg'
);
INSERT INTO item_images VALUES(
    134,
    'acli_29a.jpeg'
);
INSERT INTO item_images VALUES(
    135,
    'acli_30a.jpeg'
);
INSERT INTO item_images VALUES(
    136,
    'acli_31a.jpeg'
);
INSERT INTO item_images VALUES(
    137,
    'acli_32a.jpeg'
);
INSERT INTO item_images VALUES(
    138,
    'acli_33a.jpeg'
);
INSERT INTO item_images VALUES(
    139,
    'acli_34a.jpeg'
);
INSERT INTO item_images VALUES(
    140,
    'acli_35a.jpeg'
);
INSERT INTO item_images VALUES(
    141,
    'acli_36a.jpeg'
);
INSERT INTO item_images VALUES(
    142,
    'acli_37a.jpeg'
);
INSERT INTO item_images VALUES(
    143,
    'acli_38a.jpeg'
);
INSERT INTO item_images VALUES(
    144,
    'acli_39a.jpeg'
);
INSERT INTO item_images VALUES(
    145,
    'acli_40a.jpeg'
);
INSERT INTO item_images VALUES(
    146,
    'acli_41a.jpeg'
);
INSERT INTO item_images VALUES(
    147,
    'acli_42a.jpeg'
);
INSERT INTO item_images VALUES(
    148,
    'acli_43a.jpeg'
);
INSERT INTO item_images VALUES(
    149,
    'acli_44a.jpeg'
);
INSERT INTO item_images VALUES(
    150,
    'acli_45a.jpeg'
);
INSERT INTO item_images VALUES(
    151,
    'acli_46a.jpeg'
);
INSERT INTO item_images VALUES(
    152,
    'acli_47a.jpeg'
);
INSERT INTO item_images VALUES(
    153,
    'acli_48a.jpeg'
);
INSERT INTO item_images VALUES(
    154,
    'acli_49a.jpeg'
);
INSERT INTO item_images VALUES(
    155,
    'acli_50a.jpeg'
);
INSERT INTO item_images VALUES(
    156,
    'acli_51a.jpeg'
);

INSERT INTO `item_size` (`item_id`, `size`, `quantity`) VALUES ('106', '12', '45');
INSERT INTO `item_size` (`item_id`, `size`, `quantity`) VALUES ('106', '14', '45');
INSERT INTO `item_size` (`item_id`, `size`, `quantity`) VALUES ('106', '16', '45');
INSERT INTO `item_size` (`item_id`, `size`, `quantity`) VALUES ('106', '18', '45');
INSERT INTO `item_size` (`item_id`, `size`, `quantity`) VALUES ('106', '20', '45');

INSERT INTO `item_size` (`item_id`, `size`, `quantity`) VALUES ('107', 'one-size', '10');

INSERT INTO `item_size` (`item_id`, `size`, `quantity`) VALUES ('108', '12', '45');
INSERT INTO `item_size` (`item_id`, `size`, `quantity`) VALUES ('108', '14', '45');
INSERT INTO `item_size` (`item_id`, `size`, `quantity`) VALUES ('108', '16', '45');
INSERT INTO `item_size` (`item_id`, `size`, `quantity`) VALUES ('108', '18', '45');
INSERT INTO `item_size` (`item_id`, `size`, `quantity`) VALUES ('108', '20', '45');

INSERT INTO `item_size` (`item_id`, `size`, `quantity`) VALUES ('109', 'one-size', '10');

INSERT INTO `item_size` (`item_id`, `size`, `quantity`) VALUES ('110', '12', '45');
INSERT INTO `item_size` (`item_id`, `size`, `quantity`) VALUES ('110', '14', '45');
INSERT INTO `item_size` (`item_id`, `size`, `quantity`) VALUES ('110', '16', '45');
INSERT INTO `item_size` (`item_id`, `size`, `quantity`) VALUES ('110', '18', '45');
INSERT INTO `item_size` (`item_id`, `size`, `quantity`) VALUES ('110', '20', '45');

INSERT INTO `item_size` (`item_id`, `size`, `quantity`) VALUES ('111', '12', '45');
INSERT INTO `item_size` (`item_id`, `size`, `quantity`) VALUES ('111', '14', '45');
INSERT INTO `item_size` (`item_id`, `size`, `quantity`) VALUES ('111', '16', '45');
INSERT INTO `item_size` (`item_id`, `size`, `quantity`) VALUES ('111', '18', '45');
INSERT INTO `item_size` (`item_id`, `size`, `quantity`) VALUES ('111', '20', '45');

INSERT INTO `item_size` (`item_id`, `size`, `quantity`) VALUES ('112', 'one-size', '10');

INSERT INTO `item_size` (`item_id`, `size`, `quantity`) VALUES ('113', '12', '45');
INSERT INTO `item_size` (`item_id`, `size`, `quantity`) VALUES ('113', '14', '45');
INSERT INTO `item_size` (`item_id`, `size`, `quantity`) VALUES ('113', '16', '45');
INSERT INTO `item_size` (`item_id`, `size`, `quantity`) VALUES ('113', '18', '45');
INSERT INTO `item_size` (`item_id`, `size`, `quantity`) VALUES ('113', '20', '45');

INSERT INTO `item_size` (`item_id`, `size`, `quantity`) VALUES ('114', '12', '45');
INSERT INTO `item_size` (`item_id`, `size`, `quantity`) VALUES ('114', '14', '45');
INSERT INTO `item_size` (`item_id`, `size`, `quantity`) VALUES ('114', '16', '45');
INSERT INTO `item_size` (`item_id`, `size`, `quantity`) VALUES ('114', '18', '45');
INSERT INTO `item_size` (`item_id`, `size`, `quantity`) VALUES ('114', '20', '45');

INSERT INTO `item_size` (`item_id`, `size`, `quantity`) VALUES ('115', 'one-size', '10');

INSERT INTO `item_size` (`item_id`, `size`, `quantity`) VALUES ('116', 'one-size', '10');

INSERT INTO `item_size` (`item_id`, `size`, `quantity`) VALUES ('117', 'one-size', '50');

INSERT INTO `item_size` (`item_id`, `size`, `quantity`) VALUES ('118', 'one-size', '50');

INSERT INTO `item_size` (`item_id`, `size`, `quantity`) VALUES ('119', 'one-size', '50');

INSERT INTO `item_size` (`item_id`, `size`, `quantity`) VALUES ('120', 'one-size', '50');

INSERT INTO `item_size` (`item_id`, `size`, `quantity`) VALUES ('121', 'one-size', '50');

INSERT INTO `item_size` (`item_id`, `size`, `quantity`) VALUES ('122', 'one-size', '50');

INSERT INTO `item_size` (`item_id`, `size`, `quantity`) VALUES ('123', 'one-size', '50');

INSERT INTO `item_size` (`item_id`, `size`, `quantity`) VALUES ('124', 'one-size', '50');

INSERT INTO `item_size` (`item_id`, `size`, `quantity`) VALUES ('125', 'one-size', '50');

INSERT INTO `item_size` (`item_id`, `size`, `quantity`) VALUES ('126', 'one-size', '50');

INSERT INTO `item_size` (`item_id`, `size`, `quantity`) VALUES ('127', 'one-size', '50');

INSERT INTO `item_size` (`item_id`, `size`, `quantity`) VALUES ('128', 'one-size', '50');

INSERT INTO `item_size` (`item_id`, `size`, `quantity`) VALUES ('129', 'one-size', '50');

INSERT INTO `item_size` (`item_id`, `size`, `quantity`) VALUES ('130', 'one-size', '50');

INSERT INTO `item_size` (`item_id`, `size`, `quantity`) VALUES ('131', 'one-size', '50');

INSERT INTO `item_size` (`item_id`, `size`, `quantity`) VALUES ('132', 'one-size', '50');

INSERT INTO `item_size` (`item_id`, `size`, `quantity`) VALUES ('133', 'one-size', '50');

INSERT INTO `item_size` (`item_id`, `size`, `quantity`) VALUES ('134', 'one-size', '50');

INSERT INTO `item_size` (`item_id`, `size`, `quantity`) VALUES ('135', 'one-size', '50');

INSERT INTO `item_size` (`item_id`, `size`, `quantity`) VALUES ('136', 'one-size', '50');

INSERT INTO `item_size` (`item_id`, `size`, `quantity`) VALUES ('137', 'one-size', '50');

INSERT INTO `item_size` (`item_id`, `size`, `quantity`) VALUES ('138', 'one-size', '50');

INSERT INTO `item_size` (`item_id`, `size`, `quantity`) VALUES ('139', 'one-size', '50');

INSERT INTO `item_size` (`item_id`, `size`, `quantity`) VALUES ('140', 'one-size', '50');

INSERT INTO `item_size` (`item_id`, `size`, `quantity`) VALUES ('141', 'one-size', '50');

INSERT INTO `item_size` (`item_id`, `size`, `quantity`) VALUES ('142', 'one-size', '50');

INSERT INTO `item_size` (`item_id`, `size`, `quantity`) VALUES ('143', 'one-size', '50');

INSERT INTO `item_size` (`item_id`, `size`, `quantity`) VALUES ('144', 'one-size', '50');

INSERT INTO `item_size` (`item_id`, `size`, `quantity`) VALUES ('145', 'one-size', '50');

INSERT INTO `item_size` (`item_id`, `size`, `quantity`) VALUES ('146', 'one-size', '50');

INSERT INTO `item_size` (`item_id`, `size`, `quantity`) VALUES ('147', 'one-size', '50');

INSERT INTO `item_size` (`item_id`, `size`, `quantity`) VALUES ('148', 'one-size', '50');

INSERT INTO `item_size` (`item_id`, `size`, `quantity`) VALUES ('149', 'one-size', '50');

INSERT INTO `item_size` (`item_id`, `size`, `quantity`) VALUES ('150', 'one-size', '50');

INSERT INTO `item_size` (`item_id`, `size`, `quantity`) VALUES ('151', 'one-size', '50');

INSERT INTO `item_size` (`item_id`, `size`, `quantity`) VALUES ('152', 'one-size', '50');

INSERT INTO `item_size` (`item_id`, `size`, `quantity`) VALUES ('153', 'one-size', '50');

INSERT INTO `item_size` (`item_id`, `size`, `quantity`) VALUES ('154', 'one-size', '50');

INSERT INTO `item_size` (`item_id`, `size`, `quantity`) VALUES ('155', 'one-size', '50');

INSERT INTO `item_size` (`item_id`, `size`, `quantity`) VALUES ('156', 'one-size', '50');


INSERT INTO item(price, category_id, item_name, item_description, deleted) VALUES (
    23.80, 
    'cosm', 
    "Give 'Em Lip Color Intense Lipstick", 
    "Jojoba Esters, Ricinus Communis (Castor) Seed Oil, Diisostearyl Malate, Octyldodecyl Ricinoleate, Cera Microcristallina (Microcrystalline Wax)/Cire microcristalline, Mentha Piperita (Peppermint) Oil, Copernicia Cerifera (Carnauba) Wax/Cire de carnauba, Euphorbia Cerifera (Candelilla) Wax/Cire de candelilla, Titanium Dioxide (CI 77891), Yellow 5 Lake (CI 19140), Red 7 Lake (CI 15850), Red 6 Lake (CI 15850). Limonene+

+ Naturally occurring in essential oils & natural materials as defined by International Organization for Standardization",
    0
);
INSERT INTO item(price, category_id, item_name, item_description, deleted) VALUES (
    24.65, 
    'cosm', 
    'Volumizing Mascara', 
    "Made with natural fibers, this advanced formula increases volume by 385%* to create fuller, more dramatic-looking lashes. The hourglass brush curls, separates, and plumps for high-drama glamwithout clumping, flaking or smudging. Cleaner, plant-derived ingredients, like carnauba wax and rice bran wax, replace harmful emollients, while bataua oil helps soften lashes. Color: Black.",
    0
);
INSERT INTO item(price, category_id, item_name, item_description, deleted) VALUES (
    29.75, 
    'cosm', 
    'Retractable Foundation Brush', 
    "Created for use with Tint Skin Hydrating Foundation, this travel-friendly, dome-shaped brush evenly applies and blends liquid foundation with ease. Made with animal-free, artistry-quality taklon bristles.",
    0
);
INSERT INTO item(price, category_id, item_name, item_description, deleted) VALUES (
    25.50, 
    'cosm', 
    'Satin Powder Blush', 
    "Create perfectly flushed cheeks with a natural-looking shade or a pop of color. Satin Powder Blush features shades that flatter all skin tones, in a matte finish, or with a subtle sheen.",
    0
);
INSERT INTO item(price, category_id, item_name, item_description, deleted) VALUES (
    24.65, 
    'cosm', 
    'Lengthening Mascara', 
    "Newly reformulated for easier removal and zero flaking. Add alluring length and definition without the harmful ingredients. Smudge-proof, this new formula stays put all day, yet can be removed in the blink of an eye. Nourishing botanical ingredients, such as organic bataua oil and carnauba wax, help condition lashes. The unique precision brush perfectly separates, defines, and coats each lash.",
    0
);
INSERT INTO item(price, category_id, item_name, item_description, deleted) VALUES (
    23.10, 
    'cosm', 
    'Flat Complexion Brush', 
    'Created for use with Tint Skin Hydrating Foundation or Touchup Skin Concealer Pen, this flathead brush is ideal for layering on natural-looking coverage.',
    0
);
INSERT INTO item(price, category_id, item_name, item_description, deleted) VALUES (
    21.25, 
    'cosm', 
    'Instant Eye Makeup Remover', 
    "Just a quick shake activates this innovative dual-phase formula to completely erase long-wear and waterproof makeup. Made without mineral oil or silicones, it uses the power of coconut and macadamia oils to break down pigments and cornflower extract to soothe delicate skin. Safe for sensitive eyes and contact lens wearers.",
    0
);
INSERT INTO item(price, category_id, item_name, item_description, deleted) VALUES (
    19.60, 
    'cosm', 
    'Precision Liquid Eyeliner', 
    "Artistic perfection and safer ingredients come together in our Precision Liquid Eyeliner. Optimized for easy, precise application and featuring a rich matte-black formula, this eyeliner is perfect for creating everything from thin, sharp lines to thick, dramatic wings. Plus, its long-wearing formula lasts up to 12 hours.",
    0
);
INSERT INTO item(price, category_id, item_name, item_description, deleted) VALUES (
    26.35, 
    'cosm', 
    'Skin Twin Creamy Concealer', 
    "All day clean buildable coverage. Complexion-loving knotgrass extract. Skin so good, youll do a double take.",
    0
);
INSERT INTO item(price, category_id, item_name, item_description, deleted) VALUES (
    24.95, 
    'cosm', 
    'The Jellies Duos', 
    "In the mood for a sweet treat? These high-shine, sheer, cushiony lip glosses pack an irresistible punch (without a sticky finish). Universally flattering shades give you a gloss to suit any momentsubtly shimmery Honey illuminates with a golden glow while Orange Cream gives lips a glass-like shine. Ideal for makeup lovers everywhere, the perfectly pocket-sized tubes are game to go wherever you do.",
    0
);
INSERT INTO item(price, category_id, item_name, item_description, deleted) VALUES (
    17.00, 
    'cosm', 
    'The Better Blender', 
    "This triple-threat makeup sponge gives you a flawless finish from every angle. Its a true multitasker, with three unique application surfaces and a flexible, bouncy texture for an even, natural-looking finishevery time.",
    0
);
INSERT INTO item(price, category_id, item_name, item_description, deleted) VALUES (
    8.50, 
    'cosm', 
    'Mini Instant Eye Makeup Remover', 
    "Easy on the eyesand perfectly, portably sized. This giftable mini version of our innovative dual-phase formula activates with a quick shake, and completely erases long-wear and waterproof makeup. Made without mineral oil or silicones, it uses the power of coconut and macadamia oils to break down pigments, and cornflower extract to soothe delicate skin. Safe for sensitive eyes and contact lens wearers.",
    0
);
INSERT INTO item(price, category_id, item_name, item_description, deleted) VALUES (
    38.25, 
    'cosm', 
    'Dew Skin Tinted Moisturizer', 
    "This sheer-coverage tinted moisturizer helps even skin tone as it protects against suns damaging rays with SPF 20 mineral sunscreen. The formula features a blend of black currant seed oil, peony root extract, and vitamin C to help brighten while leaving skin looking radiant",
    0
);
INSERT INTO item(price, category_id, item_name, item_description, deleted) VALUES (
    17.00, 
    'cosm', 
    'One-Step Makeup Remover Wipes', 
    "Remove makeup and cleanse your skin in one step. Using a naturally derived micellar formula, each super soft wipe traps makeup, dirt, and impurities, then gently whisks it away with no need to rinse. Aloe Vera delivers hydration, while cornflower water soothes delicate skin. Gentle enough to use on face and eyes every day. Oil-free. No added fragrance. ",
    0
);
INSERT INTO item(price, category_id, item_name, item_description, deleted) VALUES (
    27.99, 
    'cosm', 
    'Luminous Powder Highlighter', 
    "Ultra-fine pearls instantly brighten features and give skin a subtle, luminous glow. Available in two shades that complement all skin tones, Luminous Powder Highlighters catch the light with a pearlized sheen.",
    0
);
INSERT INTO item(price, category_id, item_name, item_description, deleted) VALUES (
    24.65, 
    'cosm', 
    'Beyond Gloss', 
    "This gloss delivers high-impact shine and conditioning lip benefits, while taking transparency to the next level with ingredients that care for your lipsand the greater good. Formulated with a blend of waxes to lock in moisture (with no stickiness), this gloss delivers cushiony color and a sophisticated scent thanks to responsibly sourced vanilla. This is shine, redefined.",
    0
);
INSERT INTO item(price, category_id, item_name, item_description, deleted) VALUES (
    20.00, 
    'cosm', 
    'Brilliant Brow Gel', 
    "Groom your brows and get a natural tint with our light-hold formula made with conditioning plant-based waxes and butters. Flake-proof, foolproof, and easy to use, a tapered applicator allows for precision, while our buildable formula coats hairs for the appearance of thicker, fuller, natural-looking brows.",
    0
);
INSERT INTO item(price, category_id, item_name, item_description, deleted) VALUES (
    20.40, 
    'cosm', 
    'Color Define Brow Pencil', 
    "Developed to define brows so they appear thick, natural, and polished, these easy-glide pencils go on smoothly and include a built-in brush wand for flawless blending and fast brow-grooming. Use short soft strokes to fill in sparse spots and even out color.",
    0
);
INSERT INTO item(price, category_id, item_name, item_description, deleted) VALUES (
    27.20, 
    'cosm', 
    'Sheer Genius Conditioning Lipstick', 
    "A creamy, buildable lipstick with the nourishing benefits of a balm-to us, thats lip brilliance. The ultimate everyday lipstick, Sheer Genius Conditioning Lipstick delivers a sheer wash of color and light-catching sheen. A blend of botanical waxes and sustainably derived jojoba esters gives this formula a luxe yet weightless feel while conditioning lips. Responsibly sourced, certified organic vanilla gives this smart formula its sweet scent.",
    0
);
INSERT INTO item(price, category_id, item_name, item_description, deleted) VALUES (
    28.90, 
    'cosm', 
    'Color Intense Lipstick', 
    "An industry-leading standard of safety. Introducing the first long-wearing, one-swipe lipstick by Beautycounter. Eight all-new shades ranging from naturally nude to intense red deliver the rich color payoff and luxe satin finish you want, with the safety you deserve. Creamy formula moisturizes so lips feel soft and smooth, never dry and uncomfortable. Natural peppermint oil delivers a subtly refreshing flavor.",
    0
);
INSERT INTO item(price, category_id, item_name, item_description, deleted) VALUES (
    38.25, 
    'cosm', 
    'Skin Twin Featherweight Foundation', 
    "Breathable, buildable coverage with hyaluronic acid to visibly plump the skin. Its your match made in makeup. ",
    0
);
INSERT INTO item(price, category_id, item_name, item_description, deleted) VALUES (
    34.95, 
    'cosm', 
    'Lip Conditioner Set', 
    "This set of conditioning and quenching formulas includes the Calendula Balm, a subtly sweet formula that soothes chapped lips, and Peppermint Balm, which provides a refreshing, cooling effect.",
    0
);
INSERT INTO item(price, category_id, item_name, item_description, deleted) VALUES (
    20.50, 
    'cosm', 
    'Color Outline Eye Pencil', 
    "These eyeliner pencils feature smooth, stay-put pigments that glide on gently and seamlessly, thanks to rosemary leaf extract, a natural antioxidant, and sunflower oil, which gives the color its creamy, emollient feel. They also include a smudge tip, so you can easily perfect any line or smoke out the color.",
    0
);
INSERT INTO item(price, category_id, item_name, item_description, deleted) VALUES (
    32.30, 
    'cosm', 
    'Color Pinch Cream Blusher', 
    "Featuring beautifully rich pigment and a natural, dewy finish, this cream blush instantly brightens cheeks. (This multitasker works on lips and lids, too.) In addition to giving features a pop of color, it also hydrates and conditions skin with jojoba esters and carnauba wax and slips into any bag for easy, on-the-go enhancement.",
    0
);
INSERT INTO item(price, category_id, item_name, item_description, deleted) VALUES (
    27.20, 
    'cosm', 
    'Illuminating Cream Highlighter', 
    "Subtle radiance made simplecreate a natural lit-from-within look with these easy-to-wear shades. Sheer, blendable, and buildable formula features a delicate, dewy finish.",
    0
);
INSERT INTO item(price, category_id, item_name, item_description, deleted) VALUES (
    49.95, 
    'cosm', 
    'Radiant All Over Bronzer', 
    "Give your skin natural-looking warmth and a sun-kissed glow with Radiant All Over Bronzer. Each shade is buildable and blendable, with a hint of shimmer. Perfect for face and body, it can be worn alone or on top of makeup.",
    0
);
INSERT INTO item(price, category_id, item_name, item_description, deleted) VALUES (
    35.00, 
    'cosm', 
    'Angled Blush Brush', 
    "Create angles and emphasize your features with this angled brush, which is expertly designed to create cheek and jaw definition with our blushes and bronzers. This brush is made with animal hair-free, high performance taklon bristles.",
    0
);
INSERT INTO item(price, category_id, item_name, item_description, deleted) VALUES (
    27.30, 
    'cosm', 
    'Powder Brush', 
    "Sweep and enhance. This luxurious, all-purpose brush is designed for dusting on finishing powder, blush, bronzer, highlighting powder. Its large, dome-shaped brush head ensures easy blending and even coverage.",
    0
);
INSERT INTO item(price, category_id, item_name, item_description, deleted) VALUES (
    33.15, 
    'cosm', 
    'Mattifying Powder', 
    "A smooth and translucent finishing powder that blends invisibly to set makeup and absorb shine for a natural, even finish and no white residue. ",
    0
);
INSERT INTO item(price, category_id, item_name, item_description, deleted) VALUES (
    15.95, 
    'cosm', 
    'Lip Gloss', 
    "One swipe of this moisturizing gloss saturates lips in beautifully sheer color and high-impact shine. Infused with a delectable natural vanilla flavor and featuring a unique teardrop applicator, this formula goes on smoothly with no stickiness.",
    0
);
INSERT INTO item(price, category_id, item_name, item_description, deleted) VALUES (
    24.95, 
    'cosm', 
    'Countersun After Sun Cooling Gel', 
    "This lightweight after-sun gel cools on contact to help soothe skin post-sun exposure while boosting hydration (and its monoi scent is like a vacation in a bottle).",
    0
);
INSERT INTO item(price, category_id, item_name, item_description, deleted) VALUES (
    179.00, 
    'cosm', 
    'Countermatch Regimen Set', 
    "Our Countermatch 4-step Regimen is formulated to match the natural structure of the skin and deliver long-lasting moisturefor an everyday glow. This set ships in its own box.",
    0
);
INSERT INTO item(price, category_id, item_name, item_description, deleted) VALUES (
    384.00, 
    'cosm', 
    'Countertime Collection', 
    "Featuring our plant-derived Retinatural Complex, this collection is designed to visibly firm, brighten, and plump the skin. Welcome to the new age of aging well.",
    0
);
INSERT INTO item(price, category_id, item_name, item_description, deleted) VALUES (
    121.95, 
    'cosm', 
    'Countercontrol Regimen Set', 
    "Dont let your pores run the show. Countercontrol is designed to treat oily and blemish-prone skinwithout irritation. Powered by our signature SkinBalance Complex with wintergreen and rosebay willow, this regimen mattifies the complexion, clears breakouts, and balances skin.",
    0
);
INSERT INTO item(price, category_id, item_name, item_description, deleted) VALUES (
    245, 
    'cosm', 
    'Countermatch Collection', 
    "Our Countermatch Collection is formulated to match the natural structure of the skin and deliver long-lasting moisturefor an everyday glow.",
    0
);
INSERT INTO item(price, category_id, item_name, item_description, deleted) VALUES (
    27.20, 
    'cosm', 
    'Countermatch Refresh Foaming Cleanser', 
    "This creamy foaming cleanser features squalane, plum oil, and phytic acid to remove face and eye makeup, wash away impurities, and get you glowing. Leaves skin feeling soft and smooth, not tight or dry.",
    0
);
INSERT INTO item(price, category_id, item_name, item_description, deleted) VALUES (
    38.25, 
    'cosm', 
    'Countermatch Hydra-Gel Radiance Toner', 
    "Made without mineral oils, sulfates, and parabens, this is the prep step youve been waiting for. With a unique gel texture and a sustainable glass bottle, this new toner helps minimize the appearance of pores while removing residual impurities, leaving skin hydrated and radiant. ",
    0
);
INSERT INTO item(price, category_id, item_name, item_description, deleted) VALUES (
    24.95, 
    'cosm', 
    'Counterstart Cocoboost Moisturizer', 
    "This lightweight, non-greasy daily moisturizer absorbs quickly and provides nourishing hydration. Perfect for sensitive skin, the gentle formula features a blend of coconut oil and aloe vera to nourish and soothe skin, as well as vitamin E to help protect against environmental aggressors.",
    0
);
INSERT INTO item(price, category_id, item_name, item_description, deleted) VALUES (
    69.75, 
    'cosm', 
    'Counter+ All Bright C Serum', 
    "Brighten up with this game-changing serum. This ultra-potent 10% blend of two forms of vitamin C instantly brightens skin and helps reduce the appearance of existing dark spots, while antioxidant-rich turmeric and camu camu extracts help protect against new ones. The formula also helps defend skin from the damaging effects of environmental stressorsrevealing a more youthful-looking complexion.",
    0
);
INSERT INTO item(price, category_id, item_name, item_description, deleted) VALUES (
    41.65, 
    'cosm', 
    'Counter+ Charcoal Facial Mask', 
    "Ten minutes to a purified complexion: this nutrient-rich kaolin clay mask with activated charcoal purifies and balances, absorbing excess oil and drawing out impurities. Salicylic and lactic acids aid in a gentle exfoliation, giving skin a smooth, polished look with a minimized appearance of pores. Perfect for those concerned with congestion and oily skin.",
    0
);
INSERT INTO item(price, category_id, item_name, item_description, deleted) VALUES (
    17.00, 
    'cosm', 
    'Counterstart Cococream Cleanser', 
    "This gentle daily cleanser removes makeup and impurities without stripping away moisture. The formula, made with a blend of coconut oil and aloe vera, leaves skin feeling nourished and soothed and is perfect for sensitive skin.",
    0
);
INSERT INTO item(price, category_id, item_name, item_description, deleted) VALUES (
    39.00, 
    'cosm', 
    'Countersun Mineral Sunscreen Lotion', 
    "Guard against sun's damaging rays with this water-resistant sunscreen lotion. Formulated with non-nano zinc and California Poppy, this physical SPF 30 formulation provides an effective shield from UVA and UVB, while being gentle and pleasant feeling on the skin. Smooth, nourishing formula blends evenly onto skin with limited white residue.",
    0
);
INSERT INTO item(price, category_id, item_name, item_description, deleted) VALUES (
    58.95, 
    'cosm', 
    'Counter+ No. 1 Brightening Facial Oil', 
    "Your daily radiance boost. This citrus-scented facial oil quickly absorbs and penetrates skin to awaken and replenish. Lightweight and silky smooth, our proprietary blend of oils is designed to help hydrate and improve the appearance of skin radiance. Omega-rich marula oil provides intense hydration, while antioxidant vitamin C helps brighten and even skin tone. ",
    0
);
INSERT INTO item(price, category_id, item_name, item_description, deleted) VALUES (
    22.10, 
    'cosm', 
    'Counter+ Charcoal Cleansing Bar', 
    "Raise the bar when it comes to deep cleansing. Our Charcoal Cleansing Bar is formulated with Binchotan charcoal powder to help detoxify and absorb impurities in skin without drying it out, resulting in a smoother, brighter complexion. Made with a palm-free soap base, the gentle formula can be used daily on the face. ",
    0
);
INSERT INTO item(price, category_id, item_name, item_description, deleted) VALUES (
    75.95, 
    'cosm', 
    'Countertime Tetrapeptide Supreme Cream', 
    "Supremely rich and deeply hydrating, this cream supports elasticity and visibly firms while minimizing the look of fine lines and wrinkles. With continued use, wake up to more radiant, youthful-looking skin.",
    0
);
INSERT INTO item(price, category_id, item_name, item_description, deleted) VALUES (
    58.65, 
    'cosm', 
    'Countertime Ultra Renewal Eye Cream', 
    "This high-performance eye cream revitalizes the eye area for a youthful, brighter appearance. A targeted combination of our plant-derived Retinatural Complex and Persian silk tree extract reduces the appearance of under-eye shadows and crows feet for a smooth, firmed look.",
    0
);

INSERT INTO item_images VALUES(
    157,
    'cosm_1a.jpeg'
);
INSERT INTO item_images VALUES(
    158,
    'cosm_2a.jpeg'
);
INSERT INTO item_images VALUES(
    159,
    'cosm_3a.png'
);
INSERT INTO item_images VALUES(
    160,
    'cosm_4a.jpeg'
);
INSERT INTO item_images VALUES(
    161,
    'cosm_5a.jpeg'
);
INSERT INTO item_images VALUES(
    162,
    'cosm_6a.png'
);
INSERT INTO item_images VALUES(
    164,
    'cosm_7a.jpeg'
);
INSERT INTO item_images VALUES(
    165,
    'cosm_8a.jpeg'
);
INSERT INTO item_images VALUES(
    166,
    'cosm_9a.jpeg'
);
INSERT INTO item_images VALUES(
    167,
    'cosm_10a.jpeg'
);
INSERT INTO item_images VALUES(
    168,
    'cosm_11a.jpeg'
);
INSERT INTO item_images VALUES(
    169,
    'cosm_12a.jpeg'
);
INSERT INTO item_images VALUES(
    170,
    'cosm_13a.jpeg'
);
INSERT INTO item_images VALUES(
    171,
    'cosm_14a.jpeg'
);
INSERT INTO item_images VALUES(
    172,
    'cosm_15a.jpeg'
);
INSERT INTO item_images VALUES(
    173,
    'cosm_16a.jpeg'
);
INSERT INTO item_images VALUES(
    174,
    'cosm_17a.jpeg'
);
INSERT INTO item_images VALUES(
    175,
    'cosm_18a.jpeg'
);
INSERT INTO item_images VALUES(
    176,
    'cosm_19a.jpeg'
);
INSERT INTO item_images VALUES(
    177,
    'cosm_20a.jpeg'
);
INSERT INTO item_images VALUES(
    178,
    'cosm_21a.jpeg'
);
INSERT INTO item_images VALUES(
    179,
    'cosm_22a.jpeg'
);
INSERT INTO item_images VALUES(
    180,
    'cosm_23a.jpeg'
);
INSERT INTO item_images VALUES(
    181,
    'cosm_24a.jpeg'
);
INSERT INTO item_images VALUES(
    182,
    'cosm_25a.jpeg'
);
INSERT INTO item_images VALUES(
    183,
    'cosm_26a.jpeg'
);
INSERT INTO item_images VALUES(
    184,
    'cosm_27a.png'
);
INSERT INTO item_images VALUES(
    185,
    'cosm_28a.jpeg'
);
INSERT INTO item_images VALUES(
    186,
    'cosm_29a.jpeg'
);
INSERT INTO item_images VALUES(
    187,
    'cosm_30a.jpeg'
);
INSERT INTO item_images VALUES(
    188,
    'cosm_31a.jpeg'
);
INSERT INTO item_images VALUES(
    189,
    'cosm_32a.jpeg'
);
INSERT INTO item_images VALUES(
    190,
    'cosm_33a.jpeg'
);
INSERT INTO item_images VALUES(
    191,
    'cosm_34a.jpeg'
);
INSERT INTO item_images VALUES(
    192,
    'cosm_35a.jpeg'
);
INSERT INTO item_images VALUES(
    193,
    'cosm_36a.jpeg'
);
INSERT INTO item_images VALUES(
    194,
    'cosm_37a.jpeg'
);
INSERT INTO item_images VALUES(
    195,
    'cosm_38a.jpeg'
);
INSERT INTO item_images VALUES(
    196,
    'cosm_39a.jpeg'
);
INSERT INTO item_images VALUES(
    197,
    'cosm_40a.jpeg'
);
INSERT INTO item_images VALUES(
    198,
    'cosm_41a.png'
);
INSERT INTO item_images VALUES(
    199,
    'cosm_42a.jpeg'
);
INSERT INTO item_images VALUES(
    200,
    'cosm_44a.jpeg'
);
INSERT INTO item_images VALUES(
    201,
    'cosm_43a.jpeg'
);
INSERT INTO item_images VALUES(
    202,
    'cosm_45a.jpeg'
);
INSERT INTO item_images VALUES(
    203,
    'cosm_46a.jpeg'
);

INSERT INTO `item_size` (`item_id`, `size`, `quantity`) VALUES ('157', 'one-size', '10');

INSERT INTO `item_size` (`item_id`, `size`, `quantity`) VALUES ('158', 'one-size', '10');

INSERT INTO `item_size` (`item_id`, `size`, `quantity`) VALUES ('159', 'one-size', '50');

INSERT INTO `item_size` (`item_id`, `size`, `quantity`) VALUES ('160', 'one-size', '50');

INSERT INTO `item_size` (`item_id`, `size`, `quantity`) VALUES ('161', 'one-size', '50');

INSERT INTO `item_size` (`item_id`, `size`, `quantity`) VALUES ('162', 'one-size', '50');

INSERT INTO `item_size` (`item_id`, `size`, `quantity`) VALUES ('164', 'one-size', '50');

INSERT INTO `item_size` (`item_id`, `size`, `quantity`) VALUES ('165', 'one-size', '50');

INSERT INTO `item_size` (`item_id`, `size`, `quantity`) VALUES ('166', 'one-size', '50');

INSERT INTO `item_size` (`item_id`, `size`, `quantity`) VALUES ('167', 'one-size', '50');

INSERT INTO `item_size` (`item_id`, `size`, `quantity`) VALUES ('168', 'one-size', '50');

INSERT INTO `item_size` (`item_id`, `size`, `quantity`) VALUES ('169', 'one-size', '50');

INSERT INTO `item_size` (`item_id`, `size`, `quantity`) VALUES ('170', 'one-size', '50');

INSERT INTO `item_size` (`item_id`, `size`, `quantity`) VALUES ('171', 'one-size', '50');

INSERT INTO `item_size` (`item_id`, `size`, `quantity`) VALUES ('172', 'one-size', '50');

INSERT INTO `item_size` (`item_id`, `size`, `quantity`) VALUES ('173', 'one-size', '50');

INSERT INTO `item_size` (`item_id`, `size`, `quantity`) VALUES ('174', 'one-size', '50');

INSERT INTO `item_size` (`item_id`, `size`, `quantity`) VALUES ('175', 'one-size', '50');

INSERT INTO `item_size` (`item_id`, `size`, `quantity`) VALUES ('176', 'one-size', '50');

INSERT INTO `item_size` (`item_id`, `size`, `quantity`) VALUES ('177', 'one-size', '50');

INSERT INTO `item_size` (`item_id`, `size`, `quantity`) VALUES ('178', 'one-size', '50');

INSERT INTO `item_size` (`item_id`, `size`, `quantity`) VALUES ('179', 'one-size', '50');

INSERT INTO `item_size` (`item_id`, `size`, `quantity`) VALUES ('180', 'one-size', '50');

INSERT INTO `item_size` (`item_id`, `size`, `quantity`) VALUES ('181', 'one-size', '50');

INSERT INTO `item_size` (`item_id`, `size`, `quantity`) VALUES ('182', 'one-size', '50');

INSERT INTO `item_size` (`item_id`, `size`, `quantity`) VALUES ('183', 'one-size', '50');

INSERT INTO `item_size` (`item_id`, `size`, `quantity`) VALUES ('184', 'one-size', '50');

INSERT INTO `item_size` (`item_id`, `size`, `quantity`) VALUES ('185', 'one-size', '50');

INSERT INTO `item_size` (`item_id`, `size`, `quantity`) VALUES ('186', 'one-size', '50');

INSERT INTO `item_size` (`item_id`, `size`, `quantity`) VALUES ('187', 'one-size', '50');

INSERT INTO `item_size` (`item_id`, `size`, `quantity`) VALUES ('188', 'one-size', '50');

INSERT INTO `item_size` (`item_id`, `size`, `quantity`) VALUES ('189', 'one-size', '50');

INSERT INTO `item_size` (`item_id`, `size`, `quantity`) VALUES ('190', 'one-size', '50');

INSERT INTO `item_size` (`item_id`, `size`, `quantity`) VALUES ('191', 'one-size', '50');

INSERT INTO `item_size` (`item_id`, `size`, `quantity`) VALUES ('192', 'one-size', '50');

INSERT INTO `item_size` (`item_id`, `size`, `quantity`) VALUES ('193', 'one-size', '50');

INSERT INTO `item_size` (`item_id`, `size`, `quantity`) VALUES ('194', 'one-size', '50');

INSERT INTO `item_size` (`item_id`, `size`, `quantity`) VALUES ('195', 'one-size', '50');

INSERT INTO `item_size` (`item_id`, `size`, `quantity`) VALUES ('196', 'one-size', '50');

INSERT INTO `item_size` (`item_id`, `size`, `quantity`) VALUES ('197', 'one-size', '50');

INSERT INTO `item_size` (`item_id`, `size`, `quantity`) VALUES ('198', 'one-size', '50');

INSERT INTO `item_size` (`item_id`, `size`, `quantity`) VALUES ('199', 'one-size', '50');

INSERT INTO `item_size` (`item_id`, `size`, `quantity`) VALUES ('200', 'one-size', '50');

INSERT INTO `item_size` (`item_id`, `size`, `quantity`) VALUES ('201', 'one-size', '50');

INSERT INTO `item_size` (`item_id`, `size`, `quantity`) VALUES ('202', 'one-size', '50');

INSERT INTO `item_size` (`item_id`, `size`, `quantity`) VALUES ('203', 'one-size', '50');
